date,open,high,low,close,volume,amount
2020-01-02,1.061,1.067,1.045,1.049,13958114,1474289712.0
2020-01-03,1.047,1.057,1.04,1.045,10606711,1111262352.0
2020-01-06,1.037,1.068,1.032,1.045,13280328,1391825744.0
2020-01-07,1.048,1.059,1.037,1.053,10994683,1151244032.0
2020-01-08,1.043,1.043,1.017,1.021,18523878,1910873888.0
2020-01-09,1.036,1.044,1.03,1.036,10712291,1110250800.0
2020-01-10,1.052,1.055,1.03,1.038,11193465,1167206432.0
2020-01-13,1.031,1.051,1.019,1.05,16270895,1681040000.0
2020-01-14,1.051,1.054,1.035,1.036,11742464,1228355472.0
2020-01-15,1.033,1.04,1.028,1.031,8506679,878638304.0
2020-01-16,1.034,1.034,1.025,1.026,6717494,691366400.0
2020-01-17,1.03,1.046,1.029,1.031,11804336,1223348992.0
2020-01-20,1.031,1.048,1.026,1.046,10718493,1113824304.0
2020-01-21,1.04,1.047,1.026,1.028,11157069,1155100128.0
2020-01-22,1.02,1.042,1.003,1.035,15912163,1625051344.0
2020-01-23,1.02,1.025,0.982,0.994,17670096,1776972272.0
2020-02-03,0.895,0.899,0.895,0.895,8736520,782087952.0
2020-02-04,0.875,0.899,0.871,0.892,27648578,2450376176.0
2020-02-05,0.896,0.928,0.888,0.905,20839511,1887759216.0
2020-02-06,0.902,0.935,0.895,0.928,19292036,1767315168.0
2020-02-07,0.92,0.935,0.917,0.929,14539687,1346519488.0
2020-02-10,0.922,0.945,0.921,0.938,13714758,1283555744.0
2020-02-11,0.945,0.959,0.936,0.937,16405576,1550498944.0
2020-02-12,0.933,0.957,0.933,0.953,13316513,1259504048.0
2020-02-13,0.95,0.957,0.933,0.937,11028934,1039313776.0
2020-02-14,0.934,0.965,0.933,0.954,17458277,1660758944.0
2020-02-17,0.98,1.007,0.97,1.004,22568257,2224697184.0
2020-02-18,1.003,1.007,0.988,0.997,13542579,1349768720.0
2020-02-19,0.996,1.02,0.993,0.999,16117292,1625513600.0
2020-02-20,1.0,1.069,1.0,1.068,26461990,2729011600.0
2020-02-21,1.066,1.097,1.047,1.064,32657848,3493794528.0
2020-02-24,1.058,1.079,1.047,1.065,21233273,2256141904.0
2020-02-25,1.048,1.076,1.021,1.073,29595018,3113867280.0
2020-02-26,1.051,1.084,1.045,1.053,22548927,2405857968.0
2020-02-27,1.059,1.077,1.046,1.055,19641123,2083164800.0
2020-02-28,1.025,1.032,0.982,0.987,27670602,2786168048.0
2020-03-02,1.001,1.045,0.991,1.036,25145815,2567095424.0
2020-03-03,1.055,1.073,1.033,1.046,21197921,2232646976.0
2020-03-04,1.04,1.076,1.037,1.075,23285166,2461078048.0
2020-03-05,1.091,1.124,1.066,1.108,33146839,3626344256.0
2020-03-06,1.088,1.093,1.066,1.067,22442184,2418711728.0
2020-03-09,1.044,1.058,1.022,1.034,24680080,2571034976.0
2020-03-10,1.038,1.073,1.023,1.068,24477774,2572280688.0
2020-03-11,1.063,1.066,1.036,1.037,14894746,1566761952.0
2020-03-12,1.021,1.037,1.013,1.025,15688937,1607243616.0
2020-03-13,0.978,1.03,0.971,1.016,24223275,2416869504.0
2020-03-16,1.015,1.018,0.955,0.959,23329970,2307577248.0
2020-03-17,0.976,0.985,0.937,0.961,16222771,1560814816.0
2020-03-18,0.964,0.975,0.929,0.93,15802575,1511489072.0
2020-03-19,0.932,0.953,0.913,0.942,23053059,2153130480.0
2020-03-20,0.949,0.955,0.933,0.954,13285746,1256608160.0
2020-03-23,0.922,0.937,0.911,0.912,13659181,1261825952.0
2020-03-24,0.931,0.937,0.909,0.936,16823498,1555062080.0
2020-03-25,0.957,0.96,0.941,0.951,19512517,1855620864.0
2020-03-26,0.943,0.948,0.933,0.934,9534767,897295184.0
2020-03-27,0.945,0.958,0.938,0.941,14141773,1339380288.0
2020-03-30,0.925,0.936,0.92,0.932,8916279,826049488.0
2020-03-31,0.94,0.941,0.926,0.927,8429180,787476128.0
2020-04-01,0.922,0.94,0.921,0.922,9726397,904759856.0
2020-04-02,0.919,0.941,0.918,0.94,9527609,885461888.0
2020-04-03,0.934,0.936,0.923,0.926,6998720,650499616.0
2020-04-07,0.942,0.951,0.936,0.948,16158445,1523455056.0
2020-04-08,0.941,0.948,0.938,0.943,7195484,677583072.0
2020-04-09,0.951,0.967,0.95,0.952,15438376,1478626000.0
2020-04-10,0.954,0.956,0.937,0.939,9812494,927458064.0
2020-04-13,0.931,0.934,0.924,0.929,9267862,861427952.0
2020-04-14,0.935,0.965,0.931,0.954,15105856,1429156192.0
2020-04-15,0.949,0.962,0.942,0.944,10635530,1011927056.0
2020-04-16,0.938,0.963,0.937,0.952,12604091,1201238112.0
2020-04-17,0.959,0.961,0.949,0.95,10198036,974978720.0
2020-04-20,0.953,0.954,0.948,0.954,5883918,559693664.0
2020-04-21,0.949,0.949,0.931,0.936,8511292,798056080.0
2020-04-22,0.93,0.94,0.929,0.939,5966312,557488000.0
2020-04-23,0.939,0.94,0.93,0.931,5736348,535741104.0
2020-04-24,0.928,0.931,0.911,0.915,9105333,838012784.0
2020-04-27,0.915,0.923,0.911,0.913,6796845,623913312.0
2020-04-28,0.922,0.93,0.906,0.925,12115601,1117234176.0
2020-04-29,0.918,0.931,0.917,0.926,7761104,718150784.0
2020-04-30,0.931,0.949,0.931,0.947,14285284,1345201024.0
2020-05-06,0.931,0.95,0.93,0.95,14610135,1370175584.0
2020-05-07,0.947,0.955,0.941,0.943,10275331,973411536.0
2020-05-08,0.95,0.97,0.945,0.961,20154570,1928812112.0
2020-05-11,0.963,0.966,0.947,0.954,10581479,1013073936.0
2020-05-12,0.957,0.959,0.943,0.951,7676644,729571904.0
2020-05-13,0.945,0.954,0.943,0.951,7392404,701368992.0
2020-05-14,0.946,0.947,0.937,0.938,8870320,835855536.0
2020-05-15,0.944,0.947,0.939,0.94,7533183,710136144.0
2020-05-18,0.939,0.944,0.932,0.936,7726868,725127584.0
2020-05-19,0.945,0.946,0.938,0.941,8195095,771786624.0
2020-05-20,0.939,0.943,0.933,0.934,10099804,946630512.0
2020-05-21,0.936,0.938,0.925,0.926,8332340,776419904.0
2020-05-22,0.925,0.926,0.903,0.905,14801611,1351169872.0
2020-05-25,0.902,0.907,0.897,0.9,8497448,765743232.0
2020-05-26,0.904,0.91,0.903,0.909,7684984,696974224.0
2020-05-27,0.908,0.909,0.898,0.899,6155875,555789120.0
2020-05-28,0.9,0.923,0.9,0.911,12410209,1131795296.0
2020-05-29,0.905,0.91,0.904,0.907,5555455,503887872.0
2020-06-01,0.93,0.95,0.924,0.946,22088647,2070539520.0
2020-06-02,0.943,0.95,0.939,0.943,8615508,813101760.0
2020-06-03,0.946,0.95,0.932,0.934,9849152,927883120.0
2020-06-04,0.937,0.939,0.928,0.929,8272892,771419904.0
2020-06-05,0.93,0.94,0.924,0.939,10775974,1004675952.0
2020-06-08,0.943,0.943,0.933,0.934,7837437,735176272.0
2020-06-09,0.935,0.951,0.934,0.943,11955064,1128223840.0
2020-06-10,0.941,0.941,0.933,0.936,6859124,642376592.0
2020-06-11,0.936,0.949,0.93,0.93,12832658,1203275360.0
2020-06-12,0.916,0.933,0.914,0.929,9390773,868254592.0
2020-06-15,0.93,0.948,0.926,0.927,12504344,1172653440.0
2020-06-16,0.935,0.94,0.931,0.936,8132960,760507104.0
2020-06-17,0.936,0.937,0.927,0.933,8449163,787087168.0
2020-06-18,0.932,0.95,0.93,0.943,12345932,1163027664.0
2020-06-19,0.943,0.985,0.941,0.975,27200164,2620407632.0
2020-06-22,0.976,1.035,0.975,1.002,25607194,2579231472.0
2020-06-23,0.997,1.012,0.99,1.01,16461251,1649072928.0
2020-06-24,1.014,1.029,1.003,1.011,12806205,1297149744.0
2020-06-29,0.998,1.002,0.974,0.979,21006622,2067763760.0
2020-06-30,0.984,1.024,0.982,1.012,19088256,1910686976.0
2020-07-01,1.01,1.032,1.005,1.031,19714597,2008427024.0
2020-07-02,1.03,1.118,1.026,1.116,36006999,3872691360.0
2020-07-03,1.128,1.228,1.115,1.228,47216886,5455384064.0
2020-07-06,1.258,1.351,1.231,1.351,63949596,8251578112.0
2020-07-07,1.355,1.357,1.251,1.28,63208438,8195282176.0
2020-07-08,1.271,1.394,1.267,1.353,51868846,6865287424.0
2020-07-09,1.339,1.395,1.319,1.36,44992220,6115415040.0
2020-07-10,1.33,1.369,1.322,1.331,31991294,4299294720.0
2020-07-13,1.315,1.386,1.306,1.351,39302409,5285610240.0
2020-07-14,1.333,1.368,1.322,1.356,31217933,4196685488.0
2020-07-15,1.371,1.384,1.31,1.315,26544905,3565836848.0
2020-07-16,1.313,1.346,1.241,1.246,29684071,3858485872.0
2020-07-17,1.258,1.268,1.188,1.207,33008469,4037401632.0
2020-07-20,1.231,1.293,1.224,1.276,26747315,3357120400.0
2020-07-21,1.275,1.281,1.243,1.254,16028757,2017432320.0
2020-07-22,1.258,1.316,1.25,1.265,28567355,3670697664.0
2020-07-23,1.244,1.278,1.23,1.27,26148329,3282170336.0
2020-07-24,1.256,1.267,1.175,1.191,30518271,3707800304.0
2020-07-27,1.193,1.201,1.163,1.188,17648608,2089739824.0
2020-07-28,1.202,1.206,1.174,1.188,14584750,1732905536.0
2020-07-29,1.183,1.242,1.179,1.236,29838752,3647846064.0
2020-07-30,1.237,1.244,1.22,1.226,15183347,1868512944.0
2020-07-31,1.223,1.268,1.222,1.245,22943738,2856561040.0
2020-08-03,1.267,1.274,1.245,1.272,21565729,2718176208.0
2020-08-04,1.272,1.29,1.258,1.264,18725471,2379678288.0
2020-08-05,1.259,1.268,1.242,1.258,12969446,1626930864.0
2020-08-06,1.259,1.318,1.235,1.302,26923163,3412767168.0
2020-08-07,1.27,1.302,1.23,1.257,33179980,4190951744.0
2020-08-10,1.242,1.299,1.237,1.271,31621227,4023647328.0
2020-08-11,1.268,1.287,1.226,1.228,21240830,2680755440.0
2020-08-12,1.221,1.236,1.197,1.221,19095276,2324228816.0
2020-08-13,1.227,1.249,1.217,1.229,13474566,1659217600.0
2020-08-14,1.221,1.25,1.218,1.249,15929532,1967844400.0
2020-08-17,1.279,1.345,1.268,1.311,46357425,6021798656.0
2020-08-18,1.302,1.32,1.291,1.301,18216233,2375620080.0
2020-08-19,1.297,1.311,1.272,1.276,17256704,2233035504.0
2020-08-20,1.265,1.272,1.25,1.253,12169112,1532331632.0
2020-08-21,1.265,1.284,1.257,1.276,12535017,1590641696.0
2020-08-24,1.28,1.286,1.264,1.267,11131508,1413882528.0
2020-08-25,1.271,1.287,1.257,1.262,12748174,1621716544.0
2020-08-26,1.257,1.265,1.227,1.23,18438699,2287919312.0
2020-08-27,1.229,1.243,1.221,1.234,12326319,1517523504.0
2020-08-28,1.231,1.273,1.228,1.269,19590369,2454933648.0
2020-08-31,1.279,1.304,1.262,1.266,22052952,2841107392.0
2020-09-01,1.258,1.273,1.253,1.272,9352116,1181153808.0
2020-09-02,1.276,1.283,1.251,1.268,15449577,1959985456.0
2020-09-03,1.266,1.288,1.255,1.258,12802004,1625445536.0
2020-09-04,1.237,1.251,1.234,1.246,10804373,1344220320.0
2020-09-07,1.244,1.248,1.205,1.208,14329386,1758041792.0
2020-09-08,1.211,1.241,1.202,1.231,14914950,1821402176.0
2020-09-09,1.215,1.224,1.2,1.206,12674660,1537395408.0
2020-09-10,1.216,1.218,1.178,1.182,15843638,1902161664.0
2020-09-11,1.176,1.186,1.166,1.181,10257538,1208021408.0
2020-09-14,1.188,1.19,1.174,1.182,8052123,951598944.0
2020-09-15,1.181,1.19,1.177,1.186,7323311,866977664.0
2020-09-16,1.186,1.198,1.176,1.181,9545844,1134147472.0
2020-09-17,1.179,1.185,1.16,1.17,10277044,1203667152.0
2020-09-18,1.169,1.238,1.167,1.234,24713593,2978255152.0
2020-09-21,1.264,1.27,1.225,1.225,21602257,2687063424.0
2020-09-22,1.211,1.266,1.21,1.23,20583754,2546657936.0
2020-09-23,1.228,1.235,1.216,1.218,9948050,1216067408.0
2020-09-24,1.21,1.227,1.203,1.204,10932716,1325209472.0
2020-09-25,1.207,1.232,1.203,1.223,16781493,2046925520.0
2020-09-28,1.216,1.229,1.214,1.221,11432908,1397391328.0
2020-09-29,1.226,1.236,1.223,1.225,11348735,1394310576.0
2020-09-30,1.227,1.229,1.2,1.208,11302228,1373201392.0
2020-10-09,1.228,1.231,1.22,1.228,10286900,1260997552.0
2020-10-12,1.237,1.279,1.235,1.277,23208032,2931925808.0
2020-10-13,1.26,1.261,1.247,1.258,20740176,2602227488.0
2020-10-14,1.256,1.257,1.238,1.243,14125816,1759083264.0
2020-10-15,1.245,1.262,1.24,1.24,11566934,1444906608.0
2020-10-16,1.244,1.252,1.239,1.247,11171031,1391261984.0
2020-10-19,1.257,1.266,1.231,1.232,16219083,2024964112.0
2020-10-20,1.228,1.235,1.216,1.234,10056701,1233010528.0
2020-10-21,1.233,1.236,1.22,1.226,9685575,1187702096.0
2020-10-22,1.222,1.246,1.219,1.235,11719510,1441887184.0
2020-10-23,1.233,1.242,1.214,1.215,12878476,1585309232.0
2020-10-26,1.208,1.208,1.168,1.177,18889458,2231791760.0
2020-10-27,1.172,1.177,1.164,1.174,10250112,1200711424.0
2020-10-28,1.172,1.185,1.166,1.181,10209866,1201213216.0
2020-10-29,1.168,1.201,1.166,1.191,16563943,1960638336.0
2020-10-30,1.184,1.194,1.148,1.149,15851296,1854581872.0
2020-11-02,1.15,1.174,1.13,1.146,15808242,1820588528.0
2020-11-03,1.149,1.187,1.147,1.174,16866563,1973669856.0
2020-11-04,1.173,1.178,1.157,1.168,10840074,1265763536.0
2020-11-05,1.186,1.196,1.176,1.186,16498370,1955591168.0
2020-11-06,1.187,1.203,1.18,1.19,16378322,1950758752.0
2020-11-09,1.199,1.252,1.194,1.236,30631377,3756280400.0
2020-11-10,1.238,1.24,1.211,1.216,15849160,1942670352.0
2020-11-11,1.214,1.217,1.189,1.19,12155857,1457998576.0
2020-11-12,1.19,1.199,1.182,1.184,8898374,1056291040.0
2020-11-13,1.18,1.18,1.163,1.172,14174351,1658362224.0
2020-11-16,1.178,1.183,1.166,1.179,10582500,1244367888.0
2020-11-17,1.177,1.181,1.163,1.181,11046434,1294234960.0
2020-11-18,1.182,1.201,1.18,1.187,15973161,1903054400.0
2020-11-19,1.177,1.193,1.161,1.188,15829458,1863065744.0
2020-11-20,1.184,1.193,1.182,1.189,12496148,1484247808.0
2020-11-23,1.185,1.232,1.178,1.212,31797595,3842872320.0
2020-11-24,1.206,1.217,1.198,1.202,14980331,1808296336.0
2020-11-25,1.211,1.218,1.181,1.183,17019482,2042975072.0
2020-11-26,1.18,1.194,1.176,1.188,11755639,1391872064.0
2020-11-27,1.189,1.216,1.186,1.214,19030542,2283288208.0
2020-11-30,1.223,1.267,1.218,1.222,39046704,4859629824.0
2020-12-01,1.218,1.277,1.213,1.268,32103869,4000212512.0
2020-12-02,1.265,1.288,1.255,1.265,24749750,3137928240.0
2020-12-03,1.26,1.279,1.253,1.267,17307855,2190507056.0
2020-12-04,1.26,1.26,1.237,1.248,18479159,2301647632.0
2020-12-07,1.247,1.248,1.223,1.223,15286993,1885709120.0
2020-12-08,1.224,1.237,1.221,1.226,12957675,1592058576.0
2020-12-09,1.228,1.234,1.182,1.187,22784422,2757443200.0
2020-12-10,1.181,1.19,1.171,1.181,17071530,2017179120.0
2020-12-11,1.181,1.183,1.155,1.167,20670662,2415174704.0
2020-12-14,1.168,1.17,1.156,1.166,13201397,1535467600.0
2020-12-15,1.163,1.173,1.156,1.169,12604106,1466245568.0
2020-12-16,1.17,1.171,1.155,1.156,12611485,1465754432.0
2020-12-17,1.155,1.19,1.148,1.187,27232276,3188213520.0
2020-12-18,1.18,1.187,1.169,1.173,13160384,1548762560.0
2020-12-21,1.173,1.189,1.163,1.185,17211889,2027072464.0
2020-12-22,1.178,1.181,1.133,1.135,26485044,3063397424.0
2020-12-23,1.138,1.152,1.131,1.144,19286828,2200577872.0
2020-12-24,1.142,1.154,1.13,1.133,15488587,1764043040.0
2020-12-25,1.13,1.154,1.123,1.147,21129462,2411150144.0
2020-12-28,1.143,1.16,1.137,1.141,17701205,2028391632.0
2020-12-29,1.145,1.168,1.143,1.147,20345983,2349104688.0
2020-12-30,1.142,1.17,1.14,1.169,22084616,2555877584.0
2020-12-31,1.18,1.232,1.18,1.222,46967846,5690329344.0
2021-01-04,1.235,1.244,1.206,1.232,30813423,3778916848.0
2021-01-05,1.221,1.242,1.207,1.229,27254156,3338472736.0
2021-01-06,1.23,1.253,1.215,1.229,24233546,2985447344.0
2021-01-07,1.232,1.242,1.205,1.241,28317251,3475369376.0
2021-01-08,1.241,1.25,1.227,1.231,24784868,3061578848.0
2021-01-11,1.237,1.243,1.201,1.202,26769474,3271542464.0
2021-01-12,1.197,1.293,1.19,1.286,54167731,6735155456.0
2021-01-13,1.28,1.29,1.245,1.253,30911784,3918412768.0
2021-01-14,1.246,1.249,1.221,1.222,25757060,3174153952.0
2021-01-15,1.22,1.244,1.211,1.221,21794182,2672655808.0
2021-01-18,1.214,1.251,1.211,1.233,23784998,2935220800.0
2021-01-19,1.23,1.255,1.223,1.231,22290121,2756421040.0
2021-01-20,1.233,1.25,1.227,1.231,19425814,2402153360.0
2021-01-21,1.236,1.273,1.23,1.251,30879310,3861601696.0
2021-01-22,1.245,1.248,1.219,1.224,27529552,3385143888.0
2021-01-25,1.225,1.236,1.211,1.215,24932637,3045305536.0
2021-01-26,1.208,1.216,1.17,1.171,27308563,3250342656.0
2021-01-27,1.172,1.184,1.169,1.174,14899578,1752824784.0
2021-01-28,1.163,1.18,1.158,1.168,19770960,2305440224.0
2021-01-29,1.174,1.177,1.138,1.156,19249303,2228624800.0
2021-02-01,1.162,1.167,1.148,1.151,14843502,1715843216.0
2021-02-02,1.152,1.154,1.138,1.153,22057880,2527778720.0
2021-02-03,1.15,1.154,1.136,1.137,18473391,2114109360.0
2021-02-04,1.132,1.132,1.097,1.109,28266060,3150276576.0
2021-02-05,1.112,1.124,1.099,1.101,18806704,2091163360.0
2021-02-08,1.104,1.113,1.087,1.102,19170886,2110497808.0
2021-02-09,1.103,1.137,1.091,1.134,30812143,3448025504.0
2021-02-10,1.13,1.139,1.123,1.133,17866415,2019944480.0
2021-02-18,1.153,1.159,1.138,1.139,21969567,2521484048.0
2021-02-19,1.134,1.163,1.131,1.162,18204504,2086356240.0
2021-02-22,1.163,1.17,1.126,1.127,25529756,2939421136.0
2021-02-23,1.123,1.14,1.116,1.123,16065625,1812369120.0
2021-02-24,1.123,1.133,1.106,1.115,18012543,2018709152.0
2021-02-25,1.12,1.132,1.11,1.116,18754860,2104365216.0
2021-02-26,1.1,1.109,1.092,1.098,18273371,2012423008.0
2021-03-01,1.099,1.1,1.081,1.09,19001066,2064865504.0
2021-03-02,1.091,1.096,1.073,1.077,16652324,1803906208.0
2021-03-03,1.075,1.097,1.073,1.097,20089296,2185597584.0
2021-03-04,1.088,1.091,1.069,1.071,18321505,1975135520.0
2021-03-05,1.063,1.102,1.062,1.093,25845916,2813655136.0
2021-03-08,1.1,1.108,1.072,1.073,18359502,2004935968.0
2021-03-09,1.073,1.077,1.037,1.045,18264020,1930858112.0
2021-03-10,1.055,1.056,1.038,1.039,11714128,1224092464.0
2021-03-11,1.04,1.057,1.039,1.056,14262600,1497464512.0
2021-03-12,1.054,1.068,1.038,1.056,19810066,2084501936.0
2021-03-15,1.046,1.046,1.029,1.032,14424729,1495015488.0
2021-03-16,1.034,1.039,1.027,1.037,10628907,1099562960.0
2021-03-17,1.034,1.045,1.032,1.039,11303614,1173982336.0
2021-03-18,1.041,1.051,1.038,1.041,10480129,1094127072.0
2021-03-19,1.031,1.035,1.026,1.03,11336041,1168192240.0
2021-03-22,1.034,1.057,1.032,1.049,14595787,1524607600.0
2021-03-23,1.046,1.064,1.039,1.054,16160984,1698546288.0
2021-03-24,1.049,1.085,1.047,1.06,21360404,2280818400.0
2021-03-25,1.052,1.064,1.05,1.051,9312425,982796832.0
2021-03-26,1.052,1.061,1.048,1.057,11005424,1161811248.0
2021-03-29,1.056,1.067,1.052,1.056,10259058,1085407264.0
2021-03-30,1.053,1.058,1.05,1.052,9305687,980287328.0
2021-03-31,1.051,1.052,1.036,1.037,10245168,1066227104.0
2021-04-01,1.039,1.046,1.034,1.045,15571346,1619624528.0
2021-04-02,1.047,1.054,1.043,1.048,11410393,1195138784.0
2021-04-06,1.054,1.056,1.046,1.046,9760615,1024950176.0
2021-04-07,1.045,1.049,1.038,1.043,10074695,1050253056.0
2021-04-08,1.04,1.059,1.038,1.048,18685366,1962728048.0
2021-04-09,1.044,1.047,1.035,1.036,9272999,964138240.0
2021-04-12,1.034,1.037,1.014,1.015,12293342,1263212816.0
2021-04-13,1.013,1.018,1.007,1.013,10763664,1090380160.0
2021-04-14,1.013,1.028,1.012,1.025,10703827,1093744736.0
2021-04-15,1.021,1.021,1.012,1.015,7933031,805364352.0
2021-04-16,1.017,1.027,1.014,1.022,8895446,907821168.0
2021-04-19,1.019,1.052,1.017,1.049,17879445,1855350944.0
2021-04-20,1.045,1.055,1.038,1.039,9111145,952557088.0
2021-04-21,1.035,1.044,1.033,1.037,6589651,683667776.0
2021-04-22,1.042,1.05,1.038,1.04,9077050,946779152.0
2021-04-23,1.036,1.045,1.035,1.038,7975598,828563456.0
2021-04-26,1.04,1.051,1.02,1.02,12908622,1338399968.0
2021-04-27,1.017,1.023,1.005,1.014,15039692,1522137424.0
2021-04-28,1.011,1.022,1.01,1.017,8751890,889584400.0
2021-04-29,1.018,1.05,1.017,1.042,22024814,2287667616.0
2021-04-30,1.038,1.044,1.027,1.031,13436280,1390274848.0
2021-05-06,1.04,1.045,1.021,1.022,10158532,1047481680.0
2021-05-07,1.021,1.023,1.005,1.007,14566130,1474271648.0
2021-05-10,1.007,1.007,0.992,0.998,13569290,1353454704.0
2021-05-11,0.993,1.019,0.99,1.013,14795399,1485504608.0
2021-05-12,1.008,1.013,1.003,1.01,8691814,876127856.0
2021-05-13,1.004,1.014,1.002,1.006,7787472,785282336.0
2021-05-14,1.01,1.087,1.01,1.081,45675323,4804391424.0
2021-05-17,1.063,1.076,1.056,1.066,21136727,2252407744.0
2021-05-18,1.061,1.083,1.059,1.065,15146819,1619904640.0
2021-05-19,1.06,1.079,1.06,1.064,12710525,1357576848.0
2021-05-20,1.063,1.092,1.063,1.079,18758452,2020517120.0
2021-05-21,1.079,1.081,1.058,1.06,14421429,1538183312.0
2021-05-24,1.066,1.092,1.066,1.08,19661757,2126126464.0
2021-05-25,1.078,1.133,1.076,1.127,36169676,4040635600.0
2021-05-26,1.133,1.148,1.122,1.124,24522202,2787495920.0
2021-05-27,1.12,1.138,1.117,1.125,14255286,1602782976.0
2021-05-28,1.125,1.162,1.121,1.142,21674603,2469905280.0
2021-05-31,1.142,1.147,1.131,1.144,12740049,1449849552.0
2021-06-01,1.138,1.138,1.116,1.129,15684118,1763974224.0
2021-06-02,1.126,1.134,1.103,1.105,16216251,1808567184.0
2021-06-03,1.106,1.124,1.102,1.105,13097272,1458951840.0
2021-06-04,1.099,1.146,1.097,1.111,19310003,2155242944.0
2021-06-07,1.111,1.132,1.107,1.12,12593540,1409807504.0
2021-06-08,1.116,1.136,1.114,1.122,13339815,1500778880.0
2021-06-09,1.122,1.126,1.105,1.109,11332908,1260505616.0
2021-06-10,1.109,1.129,1.107,1.113,12199298,1363471552.0
2021-06-11,1.116,1.119,1.092,1.093,14089430,1558165472.0
2021-06-15,1.094,1.095,1.077,1.078,11443729,1239179504.0
2021-06-16,1.076,1.084,1.064,1.07,12650845,1356353728.0
2021-06-17,1.071,1.08,1.068,1.074,11646252,1250603872.0
2021-06-18,1.073,1.09,1.07,1.085,12989211,1404546976.0
2021-06-21,1.086,1.096,1.08,1.084,10983271,1192539936.0
2021-06-22,1.088,1.091,1.076,1.08,10672972,1154695488.0
2021-06-23,1.08,1.091,1.072,1.085,13075537,1415815008.0
2021-06-24,1.086,1.101,1.083,1.089,12909519,1408810944.0
2021-06-25,1.092,1.134,1.087,1.123,28015786,3126190112.0
2021-06-28,1.126,1.129,1.108,1.112,14886191,1657433312.0
2021-06-29,1.111,1.114,1.094,1.097,13295023,1466534128.0
2021-06-30,1.098,1.112,1.094,1.109,13867060,1529390800.0
2021-07-01,1.125,1.131,1.075,1.077,19076317,2099328032.0
2021-07-02,1.073,1.073,1.045,1.046,15353040,1622990464.0
2021-07-05,1.047,1.052,1.038,1.048,9305198,972641984.0
2021-07-06,1.049,1.056,1.042,1.054,9610703,1007629968.0
2021-07-07,1.048,1.061,1.046,1.057,11054460,1167627392.0
2021-07-08,1.064,1.07,1.054,1.055,11073732,1176688928.0
2021-07-09,1.049,1.064,1.048,1.06,11427570,1207523504.0
2021-07-12,1.074,1.091,1.065,1.083,19349289,2090064384.0
2021-07-13,1.078,1.085,1.071,1.077,9154197,985732160.0
2021-07-14,1.075,1.078,1.062,1.064,10294594,1100980192.0
2021-07-15,1.062,1.082,1.061,1.08,13385910,1437078464.0
2021-07-16,1.086,1.096,1.076,1.08,17832259,1933758032.0
2021-07-19,1.074,1.077,1.065,1.076,11149908,1194211808.0
2021-07-20,1.067,1.079,1.066,1.071,8845056,947608144.0
2021-07-21,1.074,1.099,1.073,1.088,19593057,2133061520.0
2021-07-22,1.088,1.109,1.084,1.106,21254848,2335833776.0
2021-07-23,1.107,1.143,1.095,1.111,26234449,2930963696.0
2021-07-26,1.111,1.12,1.079,1.08,19486837,2143096944.0
2021-07-27,1.08,1.086,1.044,1.049,18135275,1932416800.0
2021-07-28,1.045,1.054,1.032,1.037,13240912,1379023936.0
2021-07-29,1.048,1.06,1.042,1.051,14783994,1551389216.0
2021-07-30,1.044,1.046,1.026,1.028,14306883,1476924272.0
2021-08-02,1.025,1.084,1.015,1.069,24866051,2618296400.0
2021-08-03,1.06,1.096,1.057,1.07,18669978,2007488816.0
2021-08-04,1.067,1.076,1.063,1.072,11575316,1237710016.0
2021-08-05,1.067,1.077,1.05,1.053,11800279,1252809840.0
2021-08-06,1.053,1.064,1.051,1.057,10001559,1057734896.0
2021-08-09,1.051,1.09,1.051,1.08,18823347,2031465056.0
2021-08-10,1.077,1.097,1.07,1.096,18585566,2016637168.0
2021-08-11,1.094,1.104,1.085,1.086,13319157,1456132528.0
2021-08-12,1.083,1.09,1.077,1.079,8916813,964708416.0
2021-08-13,1.077,1.089,1.072,1.079,9295200,1003080384.0
2021-08-16,1.083,1.105,1.082,1.089,16441405,1801028640.0
2021-08-17,1.086,1.124,1.08,1.082,22609427,2492528464.0
2021-08-18,1.078,1.159,1.077,1.157,46621875,5270225920.0
2021-08-19,1.154,1.175,1.131,1.133,31210122,3587032016.0
2021-08-20,1.129,1.149,1.116,1.135,19031816,2155381088.0
2021-08-23,1.142,1.154,1.129,1.139,16244599,1851945360.0
2021-08-24,1.138,1.175,1.129,1.161,27026764,3119255584.0
2021-08-25,1.153,1.158,1.138,1.143,16990892,1946060240.0
2021-08-26,1.14,1.15,1.127,1.129,16301770,1852677728.0
2021-08-27,1.126,1.143,1.121,1.125,16165359,1823644992.0
2021-08-30,1.13,1.132,1.1,1.105,22644503,2514663664.0
2021-08-31,1.102,1.14,1.095,1.13,31187452,3481894656.0
2021-09-01,1.125,1.198,1.121,1.17,44958692,5230316800.0
2021-09-02,1.17,1.196,1.164,1.191,30801165,3650663168.0
2021-09-03,1.24,1.244,1.177,1.178,35721253,4311095808.0
2021-09-06,1.179,1.227,1.178,1.215,25046034,3034622448.0
2021-09-07,1.205,1.25,1.195,1.244,30122975,3687195920.0
2021-09-08,1.239,1.277,1.234,1.243,25456875,3190735440.0
2021-09-09,1.226,1.239,1.217,1.233,17785700,2183068064.0
2021-09-10,1.24,1.289,1.236,1.249,29064730,3660344928.0
2021-09-13,1.247,1.274,1.244,1.253,16596408,2084309328.0
2021-09-14,1.253,1.257,1.211,1.215,21940604,2696725312.0
2021-09-15,1.21,1.228,1.203,1.211,15206472,1847482592.0
2021-09-16,1.213,1.218,1.182,1.186,19008753,2274756928.0
2021-09-17,1.187,1.204,1.181,1.2,15699477,1875189392.0
2021-09-22,1.188,1.199,1.181,1.191,14518572,1725020000.0
2021-09-23,1.2,1.219,1.192,1.206,16407547,1977385232.0
2021-09-24,1.206,1.214,1.188,1.189,15034791,1804080912.0
2021-09-27,1.188,1.198,1.15,1.157,21122755,2484495280.0
2021-09-28,1.16,1.184,1.159,1.175,12618138,1480766000.0
2021-09-29,1.166,1.168,1.143,1.159,17155898,1985045472.0
2021-09-30,1.163,1.164,1.149,1.157,11074493,1280466224.0
2021-10-08,1.165,1.176,1.161,1.169,10796370,1261655456.0
2021-10-11,1.171,1.178,1.159,1.162,10251898,1198599744.0
2021-10-12,1.156,1.156,1.112,1.125,23638467,2675975696.0
2021-10-13,1.124,1.137,1.115,1.131,13010519,1466804832.0
2021-10-14,1.128,1.133,1.12,1.128,10820420,1219862512.0
2021-10-15,1.121,1.136,1.121,1.129,10800504,1219068256.0
2021-10-18,1.13,1.133,1.123,1.13,7977030,900000944.0
2021-10-19,1.127,1.146,1.127,1.136,11055851,1257696752.0
2021-10-20,1.136,1.143,1.131,1.132,11726957,1332889904.0
2021-10-21,1.133,1.147,1.126,1.135,17021015,1933781616.0
2021-10-22,1.137,1.145,1.13,1.137,12296295,1398547360.0
2021-10-25,1.136,1.157,1.126,1.152,17575208,2002901936.0
2021-10-26,1.146,1.155,1.139,1.14,12426812,1423945712.0
2021-10-27,1.135,1.137,1.108,1.11,19032588,2128810832.0
2021-10-28,1.107,1.115,1.099,1.102,11485086,1271108896.0
2021-10-29,1.1,1.118,1.085,1.11,20068291,2209323664.0
2021-11-01,1.105,1.124,1.103,1.114,12999048,1450055424.0
2021-11-02,1.113,1.118,1.084,1.091,18204318,1999080672.0
2021-11-03,1.092,1.102,1.09,1.095,9004508,986358896.0
2021-11-04,1.102,1.109,1.094,1.096,9565976,1051648912.0
2021-11-05,1.094,1.103,1.09,1.093,10824345,1186665344.0
2021-11-08,1.091,1.111,1.09,1.104,12457580,1371887376.0
2021-11-09,1.106,1.115,1.101,1.111,12693776,1406314480.0
2021-11-10,1.108,1.114,1.099,1.109,12741511,1408075696.0
2021-11-11,1.106,1.147,1.106,1.141,28039386,3173481040.0
2021-11-12,1.141,1.143,1.129,1.135,11930893,1353158752.0
2021-11-15,1.137,1.142,1.127,1.131,10308285,1167058096.0
2021-11-16,1.128,1.134,1.112,1.115,17996218,2019104096.0
2021-11-17,1.114,1.12,1.112,1.114,9722419,1083867680.0
2021-11-18,1.112,1.113,1.101,1.102,12050932,1331730112.0
2021-11-19,1.1,1.13,1.1,1.124,21010006,2346383888.0
2021-11-22,1.121,1.138,1.118,1.13,17113844,1933742752.0
2021-11-23,1.127,1.148,1.127,1.133,18685464,2129858416.0
2021-11-24,1.132,1.138,1.127,1.131,10809977,1223782496.0
2021-11-25,1.13,1.134,1.123,1.125,11081053,1249158736.0
2021-11-26,1.124,1.126,1.116,1.117,12576466,1409238640.0
2021-11-29,1.108,1.112,1.103,1.107,13545567,1499810016.0
2021-11-30,1.11,1.119,1.104,1.108,9886148,1098689664.0
2021-12-01,1.106,1.126,1.105,1.123,13213446,1478535200.0
2021-12-02,1.12,1.138,1.118,1.131,14789119,1672737616.0
2021-12-03,1.132,1.141,1.123,1.137,13709327,1554260048.0
2021-12-06,1.145,1.187,1.144,1.153,32385630,3779035744.0
2021-12-07,1.167,1.17,1.149,1.158,15693210,1818005184.0
2021-12-08,1.159,1.174,1.15,1.174,17506764,2039172688.0
2021-12-09,1.17,1.215,1.168,1.193,26689470,3182158288.0
2021-12-10,1.183,1.187,1.175,1.178,13258169,1564977056.0
2021-12-13,1.198,1.218,1.181,1.185,25235953,3028097952.0
2021-12-14,1.177,1.19,1.174,1.178,10716262,1264616976.0
2021-12-15,1.179,1.197,1.178,1.185,9937102,1179626512.0
2021-12-16,1.188,1.194,1.181,1.193,9745343,1157854176.0
2021-12-17,1.193,1.201,1.18,1.181,12025594,1431186992.0
2021-12-20,1.176,1.186,1.159,1.161,14067505,1646193552.0
2021-12-21,1.161,1.179,1.158,1.177,11855433,1386537856.0
2021-12-22,1.177,1.177,1.165,1.167,7577317,886548000.0
2021-12-23,1.168,1.173,1.157,1.165,11266849,1311717440.0
2021-12-24,1.165,1.174,1.156,1.158,9099725,1058789232.0
2021-12-27,1.158,1.165,1.155,1.16,6845369,793761648.0
2021-12-28,1.164,1.17,1.157,1.169,9889454,1150638944.0
2021-12-29,1.169,1.169,1.154,1.155,10384656,1205855296.0
2021-12-30,1.154,1.179,1.152,1.174,13699476,1602484352.0
2021-12-31,1.177,1.182,1.17,1.176,9968829,1171842080.0
2022-01-04,1.176,1.177,1.161,1.17,8733729,1020139600.0
2022-01-05,1.169,1.173,1.157,1.16,11253386,1309650624.0
2022-01-06,1.154,1.156,1.134,1.137,15218660,1737943088.0
2022-01-07,1.141,1.149,1.138,1.139,9154992,1046094272.0
2022-01-10,1.141,1.146,1.135,1.138,8809357,1004140992.0
2022-01-11,1.138,1.15,1.135,1.139,11034523,1260406768.0
2022-01-12,1.141,1.145,1.134,1.143,11896568,1355426512.0
2022-01-13,1.147,1.152,1.135,1.136,12578447,1438847264.0
2022-01-14,1.127,1.127,1.104,1.105,18669956,2082954864.0
2022-01-17,1.103,1.12,1.101,1.116,10522495,1170873168.0
2022-01-18,1.115,1.126,1.111,1.118,11336633,1268253296.0
2022-01-19,1.12,1.133,1.117,1.122,10399956,1170674912.0
2022-01-20,1.122,1.149,1.118,1.141,18586337,2112811536.0
2022-01-21,1.137,1.14,1.129,1.131,11865804,1344515936.0
2022-01-24,1.127,1.133,1.122,1.123,9174782,1033862592.0
2022-01-25,1.119,1.122,1.092,1.093,16129055,1788907744.0
2022-01-26,1.094,1.114,1.093,1.112,13362557,1474307792.0
2022-01-27,1.106,1.111,1.085,1.087,15023712,1647602608.0
2022-01-28,1.094,1.108,1.075,1.076,14037862,1530459664.0
2022-02-07,1.091,1.098,1.084,1.092,12904775,1407062656.0
2022-02-08,1.09,1.108,1.084,1.107,12086430,1324856640.0
2022-02-09,1.106,1.113,1.102,1.11,8901367,986307328.0
2022-02-10,1.11,1.114,1.102,1.11,8105178,898466576.0
2022-02-11,1.108,1.127,1.106,1.111,13620718,1521403888.0
2022-02-14,1.102,1.103,1.055,1.06,25061172,2692414704.0
2022-02-15,1.058,1.063,1.055,1.062,10339214,1094916112.0
2022-02-16,1.067,1.073,1.061,1.064,7625432,813034064.0
2022-02-17,1.062,1.066,1.055,1.056,9407495,996609488.0
2022-02-18,1.05,1.061,1.049,1.058,9579484,1010472416.0
2022-02-21,1.06,1.061,1.051,1.057,9357789,986683584.0
2022-02-22,1.049,1.05,1.032,1.036,13278708,1381497520.0
2022-02-23,1.039,1.05,1.036,1.05,10781025,1126570944.0
2022-02-24,1.043,1.049,1.011,1.02,17124645,1760823088.0
2022-02-25,1.029,1.036,1.019,1.022,9746824,1000962688.0
2022-02-28,1.02,1.024,1.01,1.019,9684347,983587952.0
2022-03-01,1.023,1.03,1.02,1.028,10491375,1075341568.0
2022-03-02,1.023,1.027,1.021,1.024,6164352,631206320.0
2022-03-03,1.029,1.032,1.022,1.024,7349427,754208288.0
2022-03-04,1.018,1.019,1.007,1.01,11173571,1131613072.0
2022-03-07,1.005,1.006,0.981,0.985,13931173,1384815056.0
2022-03-08,0.985,0.993,0.955,0.96,16240210,1586146208.0
2022-03-09,0.968,0.97,0.902,0.937,23781832,2231637936.0
2022-03-10,0.955,0.958,0.934,0.935,16226377,1533973456.0
2022-03-11,0.921,0.963,0.907,0.956,20410069,1904799936.0
2022-03-14,0.939,0.96,0.937,0.94,11811261,1120101936.0
2022-03-15,0.932,0.952,0.906,0.909,17555433,1633095184.0
2022-03-16,0.919,0.972,0.905,0.967,26812159,2519700240.0
2022-03-17,0.974,0.986,0.959,0.963,21239188,2059454576.0
2022-03-18,0.96,0.975,0.955,0.972,13525645,1306477280.0
2022-03-21,0.965,0.967,0.951,0.955,11649010,1116573664.0
2022-03-22,0.951,0.967,0.95,0.956,11924852,1141731328.0
2022-03-23,0.959,0.961,0.953,0.957,7476128,715651152.0
2022-03-24,0.95,0.954,0.943,0.946,8465151,803011200.0
2022-03-25,0.947,0.955,0.934,0.935,10013348,945214096.0
2022-03-28,0.927,0.945,0.92,0.936,9802778,914530640.0
2022-03-29,0.94,0.942,0.926,0.93,7111019,663992528.0
2022-03-30,0.936,0.967,0.935,0.965,19032475,1818089488.0
2022-03-31,0.96,0.965,0.955,0.957,8180811,784395008.0
2022-04-01,0.951,0.974,0.95,0.97,14161660,1366689520.0
2022-04-06,0.962,0.973,0.962,0.971,8436408,816534096.0
2022-04-07,0.968,0.977,0.95,0.951,10041044,967398240.0
2022-04-08,0.952,0.971,0.945,0.966,11107416,1065417904.0
2022-04-11,0.96,0.961,0.933,0.936,11902814,1124455216.0
2022-04-12,0.936,0.977,0.933,0.967,15435735,1476797920.0
2022-04-13,0.958,0.973,0.953,0.958,10880984,1046277536.0
2022-04-14,0.965,0.98,0.96,0.972,15947476,1551332400.0
2022-04-15,0.965,0.98,0.961,0.966,11116867,1077647360.0
2022-04-18,0.953,0.953,0.933,0.94,13245036,1246371104.0
2022-04-19,0.938,0.944,0.931,0.933,8852480,829216256.0
2022-04-20,0.933,0.937,0.916,0.918,11701006,1082875728.0
2022-04-21,0.913,0.934,0.911,0.916,13532562,1245909696.0
2022-04-22,0.91,0.924,0.909,0.917,11689944,1073475488.0
2022-04-25,0.901,0.92,0.885,0.889,19620021,1772067184.0
2022-04-26,0.888,0.89,0.842,0.849,21435054,1851784592.0
2022-04-27,0.834,0.866,0.831,0.86,19702297,1671171216.0
2022-04-28,0.851,0.855,0.832,0.844,14521203,1225464144.0
2022-04-29,0.862,0.888,0.849,0.879,26036121,2265379136.0
2022-05-05,0.867,0.873,0.862,0.867,10454748,906987696.0
2022-05-06,0.852,0.856,0.842,0.844,12073967,1025623776.0
2022-05-09,0.84,0.851,0.839,0.845,6995488,591312240.0
2022-05-10,0.838,0.862,0.836,0.858,13459896,1147226976.0
2022-05-11,0.857,0.882,0.855,0.863,19979574,1738132048.0
2022-05-12,0.858,0.874,0.857,0.865,10539801,910227360.0
2022-05-13,0.869,0.875,0.862,0.87,9953832,863971360.0
2022-05-16,0.877,0.879,0.86,0.86,8481748,734512224.0
2022-05-17,0.861,0.87,0.856,0.866,10511389,906768000.0
2022-05-18,0.869,0.876,0.864,0.868,11827701,1029048144.0
2022-05-19,0.857,0.867,0.855,0.867,9496642,818128624.0
2022-05-20,0.872,0.885,0.87,0.884,17726561,1559158640.0
2022-05-23,0.88,0.888,0.874,0.885,10067671,886828400.0
2022-05-24,0.883,0.889,0.86,0.861,11601294,1014428352.0
2022-05-25,0.86,0.865,0.859,0.864,8338894,719308288.0
2022-05-26,0.865,0.888,0.857,0.878,14875615,1300966000.0
2022-05-27,0.883,0.887,0.871,0.877,12518082,1102471120.0
2022-05-30,0.878,0.881,0.869,0.873,8674036,758236368.0
2022-05-31,0.872,0.886,0.869,0.884,13898659,1221688880.0
2022-06-01,0.883,0.887,0.875,0.88,9689100,853824672.0
2022-06-02,0.877,0.89,0.872,0.886,11581451,1021770320.0
2022-06-06,0.883,0.907,0.881,0.906,18787359,1686970336.0
2022-06-07,0.903,0.923,0.901,0.908,16545040,1509828672.0
2022-06-08,0.908,0.926,0.905,0.922,22493639,2059913568.0
2022-06-09,0.924,0.945,0.918,0.922,21403104,1991005872.0
2022-06-10,0.915,0.949,0.911,0.945,19888651,1850481136.0
2022-06-13,0.933,0.945,0.923,0.932,15250912,1424331776.0
2022-06-14,0.92,0.987,0.911,0.985,24593558,2328256720.0
2022-06-15,0.99,1.052,0.99,1.015,46231782,4725762304.0
2022-06-16,1.011,1.012,0.967,0.969,32376593,3198018864.0
2022-06-17,0.96,0.982,0.946,0.966,23609089,2272733088.0
2022-06-20,0.962,0.978,0.956,0.96,16564643,1597140544.0
2022-06-21,0.961,0.967,0.951,0.959,17847957,1712826320.0
2022-06-22,0.958,0.967,0.942,0.943,15879462,1515929296.0
2022-06-23,0.942,0.985,0.941,0.977,22899937,2212772128.0
2022-06-24,0.98,0.985,0.968,0.979,16828119,1643796672.0
2022-06-27,0.983,0.992,0.977,0.98,18114790,1781121312.0
2022-06-28,0.977,0.997,0.966,0.987,18629383,1820491760.0
2022-06-29,0.981,0.994,0.965,0.967,17974133,1765233424.0
2022-06-30,0.968,0.986,0.968,0.976,17536834,1715070576.0
2022-07-01,0.977,0.978,0.96,0.963,12866696,1246412592.0
2022-07-04,0.962,0.968,0.95,0.967,12006281,1152609856.0
2022-07-05,0.968,0.973,0.948,0.954,15048898,1440497328.0
2022-07-06,0.953,0.956,0.941,0.943,14595447,1383487888.0
2022-07-07,0.942,0.952,0.94,0.941,10789701,1019266464.0
2022-07-08,0.946,0.951,0.934,0.935,12084450,1137714880.0
2022-07-11,0.932,0.934,0.923,0.924,13228461,1227417424.0
2022-07-12,0.927,0.941,0.923,0.929,13301493,1238092704.0
2022-07-13,0.928,0.934,0.924,0.927,9575098,889391273.0
2022-07-14,0.924,0.929,0.918,0.92,11120008,1026131059.0
2022-07-15,0.917,0.921,0.894,0.896,14924276,1357225602.0
2022-07-18,0.9,0.92,0.899,0.915,12534493,1142203543.0
2022-07-19,0.914,0.927,0.911,0.923,10302000,946828444.0
2022-07-20,0.926,0.929,0.92,0.923,7649080,706909329.0
2022-07-21,0.92,0.924,0.913,0.914,8219005,754838727.0
2022-07-22,0.917,0.926,0.909,0.916,10388163,953469227.0
2022-07-25,0.915,0.916,0.905,0.905,8302537,754325247.0
2022-07-26,0.906,0.915,0.904,0.911,7639913,695110592.0
2022-07-27,0.908,0.912,0.905,0.908,6638457,603046893.0
2022-07-28,0.914,0.926,0.913,0.915,12546946,1153684571.0
2022-07-29,0.916,0.922,0.906,0.907,10029414,915272013.0
2022-08-01,0.904,0.905,0.894,0.9,9314386,836550703.0
2022-08-02,0.89,0.891,0.861,0.871,16510114,1442562413.0
2022-08-03,0.872,0.881,0.865,0.866,10820500,944780975.0
2022-08-04,0.872,0.879,0.868,0.874,10131142,884147136.0
2022-08-05,0.875,0.896,0.873,0.895,16537776,1463424133.0
2022-08-08,0.892,0.898,0.889,0.895,6863245,613949958.0
2022-08-09,0.893,0.899,0.89,0.892,7105322,635406215.0
2022-08-10,0.89,0.901,0.887,0.889,7895209,705304290.0
2022-08-11,0.896,0.938,0.893,0.938,27712006,2552633485.0
2022-08-12,0.929,0.942,0.926,0.935,12593441,1177608145.0
2022-08-15,0.929,0.938,0.924,0.927,9313842,866117869.0
2022-08-16,0.93,0.935,0.924,0.925,8387747,778933951.0
2022-08-17,0.927,0.949,0.922,0.944,16754475,1574279736.0
2022-08-18,0.94,0.945,0.934,0.936,9338666,876379466.0
2022-08-19,0.935,0.944,0.93,0.931,9439278,884654280.0
2022-08-22,0.93,0.934,0.926,0.929,9761677,907045266.0
2022-08-23,0.927,0.945,0.923,0.931,11619396,1083436599.0
2022-08-24,0.929,0.952,0.917,0.919,16069286,1501981692.0
2022-08-25,0.92,0.941,0.92,0.937,15053234,1398482930.0
2022-08-26,0.936,0.939,0.925,0.927,8829266,821694140.0
2022-08-29,0.918,0.924,0.914,0.922,8611878,791600669.0
2022-08-30,0.921,0.931,0.914,0.923,10486135,965295410.0
2022-08-31,0.919,0.938,0.918,0.929,12776595,1184509600.0
2022-09-01,0.926,0.929,0.915,0.917,9606424,885940268.0
2022-09-02,0.916,0.924,0.909,0.913,9291288,850224390.0
2022-09-05,0.912,0.921,0.909,0.92,8321450,761839680.0
2022-09-06,0.924,0.932,0.921,0.931,10470037,970559609.0
2022-09-07,0.927,0.929,0.923,0.925,7371412,681836021.0
2022-09-08,0.927,0.931,0.922,0.922,7455382,690378606.0
2022-09-09,0.923,0.943,0.922,0.939,13691232,1280119526.0
2022-09-13,0.94,0.949,0.936,0.937,7952095,748587372.0
2022-09-14,0.925,0.93,0.921,0.923,11177174,1034482210.0
2022-09-15,0.927,0.934,0.916,0.922,11030374,1022357067.0
2022-09-16,0.918,0.919,0.866,0.869,24674007,2172365332.0
2022-09-19,0.867,0.868,0.856,0.859,9659767,832011668.0
2022-09-20,0.863,0.866,0.857,0.859,7145737,615450757.0
2022-09-21,0.856,0.863,0.846,0.86,9378317,801075816.0
2022-09-22,0.853,0.862,0.851,0.855,7051341,604127104.0
2022-09-23,0.855,0.865,0.85,0.856,8426500,722930015.0
2022-09-26,0.851,0.854,0.836,0.838,9192068,776826159.0
2022-09-27,0.841,0.846,0.836,0.845,8155253,685924958.0
2022-09-28,0.842,0.844,0.83,0.831,8674326,726032434.0
2022-09-29,0.836,0.837,0.815,0.82,10903292,901053920.0
2022-09-30,0.819,0.827,0.816,0.816,8095519,665031095.0
2022-10-10,0.816,0.823,0.807,0.808,8235402,671331596.0
2022-10-11,0.811,0.826,0.807,0.816,7875314,642186015.0
2022-10-12,0.815,0.835,0.812,0.835,10515566,865166507.0
2022-10-13,0.83,0.836,0.827,0.83,6613952,549313016.0
2022-10-14,0.838,0.85,0.835,0.845,10624483,895809937.0
2022-10-17,0.84,0.85,0.838,0.849,6388849,540503684.0
2022-10-18,0.853,0.854,0.844,0.845,7141806,605135041.0
2022-10-19,0.844,0.847,0.836,0.837,6065776,509810088.0
2022-10-20,0.833,0.852,0.832,0.84,9201519,773165659.0
2022-10-21,0.859,0.863,0.841,0.844,11913016,1014729901.0
2022-10-24,0.844,0.863,0.823,0.826,13767164,1163988639.0
2022-10-25,0.826,0.828,0.801,0.811,12100895,983594513.0
2022-10-26,0.812,0.829,0.811,0.818,10458026,856861951.0
2022-10-27,0.818,0.833,0.817,0.822,8565234,705988920.0
2022-10-28,0.818,0.824,0.8,0.804,11826880,961252590.0
2022-10-31,0.799,0.815,0.797,0.805,9995673,804573544.0
2022-11-01,0.806,0.83,0.805,0.83,12849654,1053684816.0
2022-11-02,0.825,0.837,0.823,0.832,11474776,951722434.0
2022-11-03,0.826,0.83,0.822,0.827,7203283,594888083.0
2022-11-04,0.827,0.857,0.826,0.85,19469075,1643582131.0
2022-11-07,0.844,0.854,0.843,0.848,9640857,817906038.0
2022-11-08,0.849,0.852,0.841,0.845,7219024,609799800.0
2022-11-09,0.845,0.849,0.841,0.842,6077573,513004728.0
2022-11-10,0.839,0.852,0.836,0.848,9047886,764601011.0
2022-11-11,0.874,0.883,0.858,0.869,21025612,1825902489.0
2022-11-14,0.872,0.893,0.87,0.876,18992589,1672646738.0
2022-11-15,0.87,0.918,0.87,0.908,23535260,2117510927.0
2022-11-16,0.902,0.907,0.89,0.892,10193720,915190885.0
2022-11-17,0.888,0.897,0.885,0.896,10649243,949042162.0
2022-11-18,0.896,0.897,0.883,0.884,10585371,941395632.0
2022-11-21,0.879,0.879,0.863,0.869,9891723,859068975.0
2022-11-22,0.868,0.88,0.865,0.87,9614615,838636491.0
2022-11-23,0.869,0.879,0.867,0.871,7562765,659575009.0
2022-11-24,0.878,0.882,0.866,0.867,7400462,645576408.0
2022-11-25,0.865,0.882,0.864,0.876,9733360,850842277.0
2022-11-28,0.861,0.863,0.849,0.862,10598221,907811740.0
2022-11-29,0.863,0.9,0.863,0.894,23100914,2045633379.0
2022-11-30,0.89,0.906,0.89,0.894,10527203,944474085.0
2022-12-01,0.91,0.929,0.897,0.897,20499697,1872255874.0
2022-12-02,0.898,0.905,0.89,0.894,6959868,623824350.0
2022-12-05,0.905,0.927,0.903,0.926,17818404,1634692917.0
2022-12-06,0.92,0.933,0.918,0.921,9057948,837325197.0
2022-12-07,0.918,0.926,0.906,0.912,14206720,1297846599.0
2022-12-08,0.912,0.915,0.906,0.91,6888367,626946367.0
2022-12-09,0.912,0.923,0.903,0.918,10845567,989498279.0
2022-12-12,0.912,0.912,0.895,0.896,11624920,1047878183.0
2022-12-13,0.897,0.902,0.894,0.897,6050102,542934965.0
2022-12-14,0.899,0.908,0.894,0.903,7817121,704352849.0
2022-12-15,0.9,0.904,0.894,0.896,7099840,636675301.0
2022-12-16,0.891,0.9,0.89,0.893,8622095,770017548.0
2022-12-19,0.895,0.9,0.864,0.868,12273483,1078471895.0
2022-12-20,0.865,0.872,0.86,0.863,7771961,672973714.0
2022-12-21,0.866,0.87,0.859,0.863,5921408,511735860.0
2022-12-22,0.869,0.875,0.858,0.862,8132541,705272547.0
2022-12-23,0.857,0.869,0.856,0.865,5879453,507584694.0
2022-12-26,0.865,0.866,0.856,0.862,6968915,600074220.0
2022-12-27,0.867,0.876,0.863,0.873,9308632,810938867.0
2022-12-28,0.869,0.873,0.865,0.867,6382437,554107141.0
2022-12-29,0.863,0.868,0.858,0.865,9962288,859915438.0
2022-12-30,0.867,0.873,0.866,0.869,5592675,486002834.0
2023-01-03,0.861,0.866,0.842,0.864,16160583,1377505857.0
2023-01-04,0.861,0.871,0.861,0.866,10443106,905089795.0
2023-01-05,0.871,0.888,0.871,0.883,13998419,1230910632.0
2023-01-06,0.881,0.891,0.879,0.884,11751901,1039780129.0
2023-01-09,0.887,0.909,0.887,0.899,14355724,1290592668.0
2023-01-10,0.9,0.912,0.896,0.898,10136454,915545430.0
2023-01-11,0.9,0.903,0.89,0.892,9051595,810683531.0
2023-01-12,0.894,0.9,0.888,0.9,7961004,712167876.0
2023-01-13,0.903,0.918,0.897,0.918,12982425,1179206356.0
2023-01-16,0.921,0.968,0.918,0.947,25597883,2426676738.0
2023-01-17,0.942,0.96,0.94,0.959,17470809,1662339368.0
2023-01-18,0.957,0.965,0.954,0.955,8519529,815777268.0
2023-01-19,0.951,0.976,0.95,0.975,11937831,1151367559.0
2023-01-20,0.977,0.977,0.96,0.969,11870103,1147974610.0
2023-01-30,0.985,0.99,0.96,0.961,18017773,1747317535.0
2023-01-31,0.96,0.968,0.949,0.956,12234593,1169925808.0
2023-02-01,0.957,0.982,0.954,0.981,14475003,1397044432.0
2023-02-02,0.995,0.997,0.959,0.961,20989647,2034991984.0
2023-02-03,0.951,0.96,0.943,0.953,14160549,1347737713.0
2023-02-06,0.945,0.946,0.934,0.935,10475216,983236825.0
2023-02-07,0.939,0.942,0.933,0.938,7275062,682297473.0
2023-02-08,0.94,0.941,0.928,0.929,7737041,722581441.0
2023-02-09,0.929,0.945,0.927,0.944,11033527,1036049835.0
2023-02-10,0.941,0.944,0.933,0.936,7960067,746472039.0
2023-02-13,0.933,0.943,0.93,0.942,10014391,939608810.0
2023-02-14,0.943,0.944,0.934,0.94,6882874,646023592.0
2023-02-15,0.938,0.94,0.93,0.931,7424131,692819621.0
2023-02-16,0.932,0.949,0.918,0.926,17538624,1645101983.0
2023-02-17,0.923,0.927,0.908,0.909,10971164,1005797961.0
2023-02-20,0.919,0.947,0.915,0.946,19142294,1783400373.0
2023-02-21,0.942,0.95,0.939,0.948,10464925,988721297.0
2023-02-22,0.943,0.951,0.936,0.939,9885412,932085010.0
2023-02-23,0.939,0.956,0.939,0.947,11672531,1107327187.0
2023-02-24,0.946,0.947,0.928,0.931,10175315,950923832.0
2023-02-27,0.923,0.926,0.917,0.919,7097779,653805415.0
2023-02-28,0.923,0.928,0.917,0.927,7119501,657300869.0
2023-03-01,0.927,0.943,0.924,0.94,11458740,1072633378.0
2023-03-02,0.938,0.942,0.935,0.937,6794921,637081856.0
2023-03-03,0.94,0.947,0.933,0.944,9819292,924055917.0
2023-03-06,0.944,0.945,0.929,0.93,10233397,956341521.0
2023-03-07,0.928,0.938,0.913,0.914,12854408,1190548749.0
2023-03-08,0.911,0.913,0.908,0.913,7155005,651602104.0
2023-03-09,0.913,0.915,0.906,0.908,6277605,571258099.0
2023-03-10,0.903,0.906,0.896,0.896,8767957,789163109.0
2023-03-13,0.896,0.903,0.892,0.9,6676955,599366104.0
2023-03-14,0.898,0.899,0.882,0.891,8468060,754253173.0
2023-03-15,0.898,0.903,0.895,0.896,7235720,650828171.0
2023-03-16,0.891,0.897,0.888,0.89,6281459,560586073.0
2023-03-17,0.897,0.914,0.897,0.905,12141005,1099166292.0
2023-03-20,0.904,0.911,0.894,0.895,8849883,797930249.0
2023-03-21,0.899,0.905,0.896,0.903,7278756,655820159.0
2023-03-22,0.904,0.907,0.893,0.898,10293233,925423514.0
2023-03-23,0.893,0.909,0.892,0.909,10665438,962398506.0
2023-03-24,0.909,0.916,0.906,0.911,8751912,797572910.0
2023-03-27,0.911,0.919,0.906,0.916,9969969,910337011.0
2023-03-28,0.913,0.916,0.905,0.906,7007504,636479210.0
2023-03-29,0.909,0.91,0.897,0.901,8069409,727788915.0
2023-03-30,0.901,0.909,0.89,0.906,10912176,981833007.0
2023-03-31,0.905,0.909,0.902,0.905,8096676,732869592.0
2023-04-03,0.905,0.943,0.903,0.942,27625429,2565941760.0
2023-04-04,0.942,0.951,0.94,0.946,14265382,1349156951.0
2023-04-06,0.943,0.946,0.934,0.939,9983023,937697099.0
2023-04-07,0.94,0.953,0.936,0.949,14201664,1344020526.0
2023-04-10,0.958,0.962,0.938,0.939,16436816,1561792842.0
2023-04-11,0.946,0.964,0.945,0.949,13675948,1303748815.0
2023-04-12,0.95,0.959,0.945,0.952,9770636,929219520.0
2023-04-13,0.947,0.948,0.937,0.94,11352440,1069821864.0
2023-04-14,0.942,0.945,0.934,0.941,10998628,1033636156.0
2023-04-17,0.941,0.968,0.94,0.967,20073139,1925078992.0
2023-04-18,0.966,0.974,0.958,0.962,12977650,1251135727.0
2023-04-19,0.959,0.96,0.945,0.947,12883287,1226462949.0
2023-04-20,0.945,0.951,0.94,0.951,10359478,979319764.0
2023-04-21,0.95,0.951,0.913,0.916,16628775,1546439220.0
2023-04-24,0.911,0.916,0.895,0.9,13076761,1183193470.0
2023-04-25,0.902,0.91,0.894,0.904,11719300,1056005945.0
2023-04-26,0.9,0.905,0.896,0.902,7781711,700825202.0
2023-04-27,0.9,0.911,0.896,0.908,11426659,1032665864.0
2023-04-28,0.912,0.935,0.907,0.928,15866300,1465368779.0
2023-05-04,0.922,0.941,0.918,0.939,11274649,1051274128.0
2023-05-05,0.939,0.972,0.939,0.953,21870580,2099344296.0
2023-05-08,0.951,0.983,0.944,0.972,18716995,1808500222.0
2023-05-09,0.976,1.027,0.971,0.983,35782528,3581015793.0
2023-05-10,0.973,0.981,0.952,0.955,14233787,1372328799.0
2023-05-11,0.958,0.966,0.953,0.954,7892655,756727335.0
2023-05-12,0.954,0.958,0.94,0.941,8417459,797699952.0
2023-05-15,0.941,0.958,0.922,0.955,15017041,1407256226.0
2023-05-16,0.954,0.965,0.944,0.946,9699237,925253803.0
2023-05-17,0.945,0.952,0.941,0.944,6730117,635980825.0
2023-05-18,0.946,0.952,0.938,0.941,7958939,751716964.0
2023-05-19,0.938,0.939,0.926,0.928,9427325,876872732.0
2023-05-22,0.926,0.931,0.922,0.926,7622348,705398024.0
2023-05-23,0.927,0.928,0.912,0.913,10697805,982423025.0
2023-05-24,0.91,0.911,0.898,0.899,14805204,1339027035.0
2023-05-25,0.896,0.901,0.889,0.901,13091425,1172521244.0
2023-05-26,0.898,0.905,0.894,0.903,9868889,887579667.0
2023-05-29,0.905,0.905,0.893,0.894,9222031,828375618.0
2023-05-30,0.894,0.898,0.885,0.897,10787410,961882985.0
2023-05-31,0.895,0.896,0.888,0.891,8413923,750564030.0
2023-06-01,0.891,0.902,0.888,0.893,9882856,885247559.0
2023-06-02,0.896,0.9,0.894,0.899,10453608,938832196.0
2023-06-05,0.899,0.901,0.892,0.894,7700159,689967275.0
2023-06-06,0.893,0.899,0.881,0.882,11692974,1041109440.0
2023-06-07,0.882,0.891,0.881,0.883,7717747,683026943.0
2023-06-08,0.883,0.897,0.878,0.894,12008653,1066817340.0
2023-06-09,0.893,0.894,0.888,0.892,7887091,702725497.0
2023-06-12,0.889,0.89,0.88,0.883,9085246,802719964.0
2023-06-13,0.882,0.888,0.881,0.888,7855191,695612303.0
2023-06-14,0.889,0.9,0.888,0.889,9502959,848751505.0
2023-06-15,0.89,0.903,0.888,0.902,14700182,1318405245.0
2023-06-16,0.903,0.908,0.898,0.906,13398538,1210309458.0
2023-06-19,0.905,0.905,0.897,0.898,8568794,771069617.0
2023-06-20,0.897,0.901,0.895,0.895,8612430,772905432.0
2023-06-21,0.894,0.896,0.878,0.879,11957626,1059379297.0
2023-06-26,0.872,0.873,0.858,0.858,12384338,1070012116.0
2023-06-27,0.86,0.868,0.859,0.866,6605244,570703596.0
2023-06-28,0.865,0.868,0.859,0.866,7258241,626826817.0
2023-06-29,0.864,0.869,0.861,0.863,7413060,640544019.0
2023-06-30,0.862,0.882,0.862,0.879,10843450,948483264.0
2023-07-03,0.879,0.895,0.879,0.891,10029283,890177496.0
2023-07-04,0.89,0.895,0.886,0.891,6447604,574167946.0
2023-07-05,0.89,0.892,0.885,0.885,4780639,424321881.0
2023-07-06,0.884,0.89,0.881,0.885,5539954,490094319.0
2023-07-07,0.881,0.894,0.88,0.89,8294626,736490547.0
2023-07-10,0.894,0.897,0.887,0.89,6537968,583107304.0
2023-07-11,0.893,0.896,0.89,0.895,6093515,544343956.0
2023-07-12,0.895,0.899,0.886,0.889,6839558,610140933.0
2023-07-13,0.892,0.905,0.892,0.903,12149069,1095335318.0
2023-07-14,0.904,0.905,0.9,0.901,5773500,520865215.0
2023-07-17,0.9,0.9,0.893,0.896,6223946,557610643.0
2023-07-18,0.898,0.902,0.895,0.899,4954626,445243556.0
2023-07-19,0.897,0.905,0.896,0.904,9103887,820200414.0
2023-07-20,0.907,0.909,0.896,0.896,7602016,686970025.0
2023-07-21,0.894,0.904,0.894,0.899,6834631,614686575.0
2023-07-24,0.895,0.903,0.893,0.898,6201595,556926716.0
2023-07-25,0.929,0.952,0.922,0.949,33419239,3125045902.0
2023-07-26,0.942,0.949,0.935,0.946,12803762,1206936556.0
2023-07-27,0.944,0.95,0.935,0.936,10267962,966883731.0
2023-07-28,0.933,1.018,0.932,1.017,41964404,4133506835.0
2023-07-31,1.026,1.045,1.011,1.013,34262048,3523649483.0
2023-08-01,1.001,1.032,1.001,1.011,23177387,2353033750.0
2023-08-02,1.006,1.039,1.005,1.018,18115173,1852062624.0
2023-08-03,1.027,1.059,1.008,1.054,28004121,2907133770.0
2023-08-04,1.08,1.113,1.059,1.063,44022300,4764738037.0
2023-08-07,1.041,1.067,1.04,1.066,18884437,1991189742.0
2023-08-08,1.056,1.081,1.027,1.059,21496219,2267948212.0
2023-08-09,1.047,1.066,1.047,1.053,12783633,1349670499.0
2023-08-10,1.053,1.075,1.05,1.074,18583486,1973236817.0
2023-08-11,1.066,1.066,1.026,1.027,29640146,3090182916.0
2023-08-14,1.006,1.033,1.005,1.017,18198328,1852987834.0
2023-08-15,1.011,1.037,1.011,1.036,17728647,1818754759.0
2023-08-16,1.024,1.064,1.013,1.038,19672954,2046001727.0
2023-08-17,1.028,1.045,1.019,1.038,15952412,1646860233.0
2023-08-18,1.038,1.053,1.02,1.021,12481984,1292544737.0
2023-08-21,1.01,1.019,0.984,0.985,18791413,1876326590.0
2023-08-22,0.989,1.01,0.983,1.004,20445272,2033985773.0
2023-08-23,0.995,0.996,0.976,0.977,10954544,1080360527.0
2023-08-24,0.983,1.009,0.983,0.992,16833964,1672052091.0
2023-08-25,0.988,1.006,0.987,0.998,13296699,1327355157.0
2023-08-28,1.098,1.098,1.018,1.023,42835477,4563548260.0
2023-08-29,1.011,1.025,0.987,1.016,28905848,2910176323.0
2023-08-30,1.008,1.008,0.985,0.987,18745028,1865023964.0
2023-08-31,0.986,0.991,0.966,0.968,14150415,1380494209.0
2023-09-01,0.975,0.98,0.966,0.969,11624834,1130188786.0
2023-09-04,0.973,0.981,0.965,0.976,11446763,1115838900.0
2023-09-05,0.973,0.974,0.963,0.967,9269582,896221364.0
2023-09-06,0.962,0.967,0.957,0.964,9282806,892537521.0
2023-09-07,0.963,0.97,0.956,0.959,11989431,1154161790.0
2023-09-08,0.956,0.967,0.95,0.964,10710089,1026706261.0
2023-09-11,0.964,0.985,0.958,0.979,14740304,1434172438.0
2023-09-12,0.973,0.977,0.967,0.968,8003182,777476432.0
2023-09-13,0.966,0.969,0.953,0.957,8944025,857847376.0
2023-09-14,0.958,0.965,0.955,0.961,7752741,743670634.0
2023-09-15,0.965,0.967,0.951,0.957,8854316,848961546.0
2023-09-18,0.951,0.958,0.946,0.955,6607945,630007039.0
2023-09-19,0.955,0.961,0.952,0.956,8694019,831443568.0
2023-09-20,0.954,0.959,0.95,0.952,5088258,486108758.0
2023-09-21,0.951,0.959,0.945,0.945,7407545,704115276.0
2023-09-22,0.943,0.975,0.942,0.974,15370818,1479129260.0
2023-09-25,0.969,0.969,0.95,0.95,10467122,999412358.0
2023-09-26,0.949,0.956,0.948,0.952,4960061,472467408.0
2023-09-27,0.951,0.956,0.949,0.953,7771093,740733614.0
2023-09-28,0.955,0.957,0.945,0.947,8231159,779883296.0
2023-10-09,0.941,0.941,0.925,0.935,9797316,913680617.0
2023-10-10,0.939,0.943,0.932,0.932,5236903,490510775.0
2023-10-11,0.936,0.94,0.928,0.93,7037779,657177330.0
2023-10-12,0.944,0.946,0.937,0.941,7774187,731441741.0
2023-10-13,0.932,0.935,0.929,0.931,6109890,569286608.0
2023-10-16,0.93,0.935,0.924,0.929,7552584,701900085.0
2023-10-17,0.931,0.95,0.927,0.942,10985767,1032843899.0
2023-10-18,0.938,0.946,0.936,0.941,7127569,671248790.0
2023-10-19,0.936,0.951,0.934,0.935,11174957,1052097658.0
2023-10-20,0.93,0.943,0.929,0.938,9833342,921433033.0
2023-10-23,0.934,0.934,0.911,0.914,12497643,1148746459.0
2023-10-24,0.919,0.948,0.917,0.945,14872599,1388155061.0
2023-10-25,0.958,0.958,0.942,0.944,15044626,1426270861.0
2023-10-26,0.935,0.945,0.933,0.943,8599703,808103540.0
2023-10-27,0.939,0.951,0.933,0.947,13457725,1268552667.0
2023-10-30,0.942,0.945,0.934,0.943,13680224,1285460816.0
2023-10-31,0.941,0.949,0.939,0.945,10370124,978953891.0
2023-11-01,0.951,0.953,0.941,0.942,9041733,854485233.0
2023-11-02,0.943,0.949,0.934,0.935,9217271,867502170.0
2023-11-03,0.937,0.949,0.935,0.946,9998001,943225713.0
2023-11-06,0.972,0.987,0.962,0.984,25443908,2481472896.0
2023-11-07,0.978,0.992,0.975,0.987,14373768,1418646039.0
2023-11-08,0.984,0.99,0.97,0.979,12020524,1176450326.0
2023-11-09,0.975,0.979,0.97,0.975,9867933,961231599.0
2023-11-10,0.968,0.98,0.968,0.975,11915860,1162521579.0
2023-11-13,0.975,0.976,0.966,0.97,8861324,858562516.0
2023-11-14,0.97,0.997,0.969,0.983,17982216,1767687327.0
2023-11-15,0.993,0.998,0.982,0.984,13764198,1360955805.0
2023-11-16,0.982,0.989,0.974,0.975,8361133,820641685.0
2023-11-17,0.973,0.981,0.972,0.979,7708905,752614040.0
2023-11-20,0.979,0.979,0.963,0.975,9832249,953955165.0
2023-11-21,0.977,0.991,0.972,0.973,11677105,1146142750.0
2023-11-22,0.97,0.975,0.963,0.964,7677663,743463846.0
2023-11-23,0.964,0.967,0.957,0.967,8023117,772068409.0
2023-11-24,0.965,0.965,0.954,0.957,6975188,668571615.0
2023-11-27,0.952,0.953,0.941,0.946,8769623,828608799.0
2023-11-28,0.946,0.949,0.94,0.945,5953929,562496129.0
2023-11-29,0.946,0.947,0.933,0.936,7830146,734869661.0
2023-11-30,0.936,0.942,0.934,0.938,7897648,740927435.0
2023-12-01,0.938,0.945,0.935,0.945,8984294,844874212.0
2023-12-04,0.944,0.949,0.941,0.942,8236480,778022229.0
2023-12-05,0.94,0.944,0.929,0.93,9950026,932032180.0
2023-12-06,0.929,0.933,0.925,0.927,8106211,752812793.0
2023-12-07,0.925,0.934,0.922,0.932,7959584,739633360.0
2023-12-08,0.931,0.934,0.925,0.925,12143589,1128253792.0
2023-12-11,0.921,0.943,0.911,0.94,14387009,1333203868.0
2023-12-12,0.936,0.941,0.934,0.936,7210857,675578043.0
2023-12-13,0.936,0.936,0.924,0.925,7214297,670719151.0
2023-12-14,0.931,0.932,0.92,0.921,7703912,713159887.0
2023-12-15,0.925,0.933,0.919,0.921,9404623,869726776.0
2023-12-18,0.921,0.929,0.916,0.92,8587925,791894114.0
2023-12-19,0.919,0.923,0.91,0.918,10028774,920012368.0
2023-12-20,0.917,0.918,0.892,0.893,14767552,1332833794.0
2023-12-21,0.889,0.897,0.885,0.893,9451474,842653526.0
2023-12-22,0.892,0.897,0.885,0.89,9405533,837703462.0
2023-12-25,0.889,0.89,0.882,0.885,5574692,493414589.0
2023-12-26,0.885,0.885,0.872,0.874,7603462,666743114.0
2023-12-27,0.875,0.887,0.866,0.882,11239608,986214983.0
2023-12-28,0.878,0.906,0.877,0.902,15116270,1352515770.0
2023-12-29,0.9,0.906,0.898,0.902,9574963,863488999.0
2024-01-02,0.901,0.902,0.89,0.891,7020922,628027345.0
2024-01-03,0.889,0.896,0.887,0.892,7709609,687244285.0
2024-01-04,0.891,0.891,0.877,0.884,10303830,909063930.0
2024-01-05,0.882,0.891,0.872,0.877,9123060,805473867.0
2024-01-08,0.873,0.876,0.86,0.86,8333019,721630284.0
2024-01-09,0.862,0.866,0.852,0.858,7581854,652016817.0
2024-01-10,0.855,0.863,0.849,0.854,6935303,593389992.0
2024-01-11,0.853,0.865,0.851,0.862,7731194,663825690.0
2024-01-12,0.859,0.866,0.853,0.853,6788075,583351597.0
2024-01-15,0.849,0.861,0.847,0.852,6186586,527870414.0
2024-01-16,0.85,0.864,0.846,0.863,9964753,851511369.0
2024-01-17,0.859,0.859,0.846,0.847,9140900,780706532.0
2024-01-18,0.841,0.857,0.827,0.855,16085893,1348863496.0
2024-01-19,0.849,0.852,0.843,0.846,9623904,815880411.0
2024-01-22,0.845,0.852,0.821,0.828,12474776,1050574463.0
2024-01-23,0.826,0.853,0.82,0.845,14498178,1216343438.0
2024-01-24,0.849,0.889,0.837,0.887,22174463,1909663392.0
2024-01-25,0.873,0.899,0.87,0.89,21256256,1880441233.0
2024-01-26,0.884,0.901,0.881,0.89,14519362,1291647520.0
2024-01-29,0.888,0.892,0.873,0.875,10942745,965849871.0
2024-01-30,0.869,0.881,0.863,0.864,10271363,896220120.0
2024-01-31,0.86,0.869,0.85,0.855,13381809,1149959748.0
2024-02-01,0.849,0.866,0.844,0.852,11279663,963719658.0
2024-02-02,0.852,0.855,0.809,0.833,16664685,1389016461.0
2024-02-05,0.824,0.837,0.8,0.815,16620568,1361064224.0
2024-02-06,0.808,0.868,0.806,0.863,17102864,1438263158.0
2024-02-07,0.858,0.878,0.857,0.873,13849154,1204470493.0
2024-02-08,0.883,0.895,0.876,0.881,11682652,1034916497.0
2024-02-19,0.878,0.878,0.86,0.871,11166765,969061546.0
2024-02-20,0.868,0.889,0.864,0.882,13695011,1202733737.0
2024-02-21,0.875,0.911,0.871,0.891,19452003,1739203893.0
2024-02-22,0.886,0.905,0.884,0.901,13741097,1230385113.0
2024-02-23,0.901,0.906,0.894,0.902,13004956,1171402690.0
2024-02-26,0.9,0.903,0.894,0.895,9809143,881102470.0
2024-02-27,0.893,0.91,0.893,0.909,11128805,1003054811.0
2024-02-28,0.916,0.931,0.894,0.895,21587534,1981063318.0
2024-02-29,0.892,0.914,0.891,0.913,14867599,1343828592.0
2024-03-01,0.911,0.924,0.907,0.92,13829455,1264946108.0
2024-03-04,0.918,0.918,0.904,0.908,11690985,1061965622.0
2024-03-05,0.902,0.908,0.898,0.901,11613704,1047341232.0
2024-03-06,0.901,0.913,0.895,0.902,11218282,1013545115.0
2024-03-07,0.899,0.907,0.887,0.89,13335129,1195504002.0
2024-03-08,0.89,0.895,0.887,0.892,7886868,702706572.0
2024-03-11,0.893,0.906,0.892,0.906,13112081,1179841187.0
2024-03-12,0.909,0.915,0.902,0.912,16022694,1456009555.0
2024-03-13,0.911,0.911,0.897,0.898,11588049,1045015838.0
2024-03-14,0.896,0.902,0.886,0.891,10805968,965186255.0
2024-03-15,0.888,0.898,0.884,0.896,11149434,992889593.0
2024-03-18,0.901,0.923,0.899,0.917,19645285,1792480546.0
2024-03-19,0.913,0.913,0.899,0.9,11726528,1061630196.0
2024-03-20,0.898,0.906,0.896,0.902,10856344,977897156.0
2024-03-21,0.905,0.915,0.903,0.906,12081540,1097703067.0
2024-03-22,0.904,0.906,0.888,0.89,14506229,1297543607.0
2024-03-25,0.881,0.882,0.863,0.864,16028846,1398481473.0
2024-03-26,0.864,0.869,0.86,0.866,8232826,711509645.0
2024-03-27,0.864,0.865,0.85,0.851,9125237,782895376.0
2024-03-28,0.852,0.863,0.85,0.853,10210464,873335208.0
2024-03-29,0.852,0.857,0.846,0.856,9865387,840507607.0
2024-04-01,0.867,0.87,0.864,0.869,10082601,874934068.0
2024-04-02,0.869,0.873,0.861,0.863,7472750,647027659.0
2024-04-03,0.861,0.866,0.856,0.856,6367866,546980803.0
2024-04-08,0.85,0.852,0.841,0.842,8746450,739461576.0
2024-04-09,0.843,0.847,0.841,0.845,5650516,476902042.0
2024-04-10,0.844,0.844,0.824,0.829,11705250,974878814.0
2024-04-11,0.824,0.833,0.824,0.826,7977523,661073410.0
2024-04-12,0.826,0.828,0.809,0.811,10202106,833222747.0
2024-04-15,0.806,0.833,0.8,0.824,14982037,1224974185.0
2024-04-16,0.818,0.826,0.808,0.809,10503469,859017238.0
2024-04-17,0.81,0.827,0.806,0.825,13362436,1092886147.0
2024-04-18,0.823,0.844,0.821,0.832,15373788,1282143403.0
2024-04-19,0.828,0.835,0.825,0.827,8480304,703538339.0
2024-04-22,0.825,0.838,0.824,0.829,8287382,687716432.0
2024-04-23,0.831,0.833,0.824,0.827,7484472,620108488.0
2024-04-24,0.828,0.83,0.822,0.828,8052855,665708775.0
2024-04-25,0.825,0.831,0.821,0.827,8301563,685743269.0
2024-04-26,0.846,0.879,0.838,0.878,29264209,2508240990.0
2024-04-29,0.877,0.897,0.874,0.889,23954077,2123549457.0
2024-04-30,0.884,0.886,0.871,0.873,12739291,1117969036.0
2024-05-06,0.884,0.892,0.874,0.878,13983864,1234143725.0
2024-05-07,0.876,0.88,0.87,0.875,10270536,898461099.0
2024-05-08,0.872,0.873,0.861,0.862,10270538,889127167.0
2024-05-09,0.863,0.875,0.863,0.87,13072040,1135703477.0
2024-05-10,0.87,0.879,0.866,0.876,14084698,1228811515.0
2024-05-13,0.872,0.885,0.864,0.878,12179291,1065758916.0
2024-05-14,0.877,0.883,0.87,0.883,12290805,1076962547.0
2024-05-15,0.888,0.889,0.859,0.859,17059666,1483355772.0
2024-05-16,0.861,0.87,0.857,0.858,10514635,907244001.0
2024-05-17,0.858,0.872,0.855,0.871,10871045,939067439.0
2024-05-20,0.869,0.882,0.868,0.872,14257623,1248666298.0
2024-05-21,0.87,0.874,0.864,0.866,8557124,742912453.0
2024-05-22,0.866,0.873,0.863,0.869,9352730,811786261.0
2024-05-23,0.866,0.867,0.85,0.851,12007280,1028345993.0
2024-05-24,0.849,0.853,0.839,0.84,9627871,814167863.0
2024-05-27,0.843,0.849,0.838,0.848,7947550,670246074.0
2024-05-28,0.846,0.85,0.839,0.84,8128741,684727199.0
2024-05-29,0.839,0.849,0.838,0.841,7071685,596646621.0
2024-05-30,0.838,0.843,0.835,0.84,7080657,593815123.0
2024-05-31,0.842,0.847,0.838,0.839,8031438,675716623.0
2024-06-03,0.836,0.836,0.824,0.828,11476821,951771818.0
2024-06-04,0.828,0.836,0.827,0.834,9485519,789554212.0
2024-06-05,0.833,0.838,0.83,0.831,8566985,714012944.0
2024-06-06,0.832,0.834,0.818,0.82,13529966,1115561202.0
2024-06-07,0.822,0.825,0.804,0.815,14742428,1200864467.0
2024-06-11,0.813,0.822,0.81,0.816,9193103,750425327.0
2024-06-12,0.815,0.818,0.813,0.816,7134037,581946313.0
2024-06-13,0.817,0.819,0.812,0.815,9212567,750699779.0
2024-06-14,0.814,0.84,0.812,0.833,20804613,1717560546.0
2024-06-17,0.824,0.834,0.821,0.832,10030346,831213763.0
2024-06-18,0.832,0.844,0.831,0.838,12374135,1037467476.0
2024-06-19,0.839,0.84,0.826,0.827,10262445,853257531.0
2024-06-20,0.826,0.829,0.818,0.82,9595100,789077681.0
2024-06-21,0.822,0.826,0.818,0.821,9849930,809576668.0
2024-06-24,0.818,0.821,0.812,0.813,9504372,775760328.0
2024-06-25,0.812,0.814,0.795,0.799,17537725,1409235603.0
2024-06-26,0.797,0.811,0.797,0.81,13156841,1057778041.0
2024-06-27,0.807,0.807,0.801,0.801,7795948,626576951.0
2024-06-28,0.8,0.808,0.781,0.783,17388927,1381172737.0
2024-07-01,0.78,0.787,0.773,0.784,11070794,863989650.0
2024-07-02,0.783,0.79,0.779,0.782,8840475,693744813.0
2024-07-03,0.781,0.786,0.776,0.782,7543477,589250262.0
2024-07-04,0.783,0.785,0.767,0.767,10400717,805180828.0
2024-07-05,0.767,0.775,0.763,0.768,9631826,739740937.0
2024-07-08,0.766,0.766,0.746,0.748,10945990,826092128.0
2024-07-09,0.749,0.766,0.743,0.763,12940043,976822269.0
2024-07-10,0.758,0.776,0.757,0.764,10740167,823448855.0
2024-07-11,0.772,0.781,0.769,0.776,10059143,780045465.0
2024-07-12,0.775,0.778,0.77,0.775,6239097,482808619.0
2024-07-15,0.772,0.777,0.77,0.773,5391557,416895662.0
2024-07-16,0.774,0.783,0.771,0.78,8184011,637682154.0
2024-07-17,0.78,0.788,0.779,0.786,8135690,638384550.0
2024-07-18,0.784,0.79,0.776,0.79,9184178,719896023.0
2024-07-19,0.787,0.801,0.787,0.799,10871167,864896784.0
2024-07-22,0.809,0.813,0.795,0.805,11065493,889496579.0
2024-07-23,0.801,0.806,0.786,0.786,9241677,736037408.0
2024-07-24,0.784,0.787,0.776,0.777,7824097,611170087.0
2024-07-25,0.776,0.792,0.776,0.787,8985801,706160424.0
2024-07-26,0.788,0.807,0.785,0.801,9352074,747042895.0
2024-07-29,0.797,0.803,0.793,0.793,6000669,478498583.0
2024-07-30,0.792,0.799,0.789,0.797,7200336,572835643.0
2024-07-31,0.798,0.849,0.798,0.841,25204965,2089873845.0
2024-08-01,0.834,0.841,0.831,0.835,10567696,883241683.0
2024-08-02,0.83,0.838,0.816,0.819,9949954,821213783.0
2024-08-05,0.814,0.83,0.812,0.812,9898225,812208812.0
2024-08-06,0.821,0.824,0.806,0.815,8524362,692698776.0
2024-08-07,0.814,0.819,0.808,0.81,7374841,598808751.0
2024-08-08,0.809,0.825,0.807,0.813,8830627,719905167.0
2024-08-09,0.818,0.821,0.806,0.806,7751971,630194569.0
2024-08-12,0.803,0.808,0.8,0.804,5831228,468579678.0
2024-08-13,0.805,0.816,0.8,0.815,8039763,649606142.0
2024-08-14,0.812,0.816,0.807,0.808,6178131,501006560.0
2024-08-15,0.806,0.825,0.805,0.817,10502001,858168268.0
2024-08-16,0.815,0.818,0.81,0.812,6116931,497703550.0
2024-08-19,0.81,0.818,0.808,0.811,4892511,397692159.0
2024-08-20,0.813,0.813,0.802,0.805,6836307,551049014.0
2024-08-21,0.803,0.807,0.799,0.8,4572578,366943475.0
2024-08-22,0.804,0.806,0.786,0.788,7572330,601290071.0
2024-08-23,0.786,0.801,0.786,0.795,7007604,555711196.0
2024-08-26,0.795,0.801,0.791,0.795,4993707,397515978.0
2024-08-27,0.794,0.795,0.785,0.788,3842057,302842781.0
2024-08-28,0.787,0.792,0.785,0.789,4086716,322335335.0
2024-08-29,0.787,0.8,0.786,0.794,6607233,525427148.0
2024-08-30,0.792,0.821,0.791,0.814,13317699,1081251524.0
2024-09-02,0.809,0.811,0.792,0.793,8778586,702102692.0
2024-09-03,0.792,0.803,0.791,0.799,5669597,452257947.0
2024-09-04,0.794,0.805,0.794,0.798,5102135,408106140.0
2024-09-05,0.798,0.806,0.797,0.806,6344000,508951601.0
2024-09-06,0.822,0.826,0.808,0.809,14683547,1199549688.0
2024-09-09,0.801,0.817,0.8,0.808,8555898,692680194.0
2024-09-10,0.809,0.81,0.795,0.805,7438413,596609778.0
2024-09-11,0.804,0.809,0.801,0.804,5228438,420623145.0
2024-09-12,0.805,0.809,0.801,0.803,5812565,467954924.0
2024-09-13,0.804,0.813,0.803,0.805,6486858,523822283.0
2024-09-18,0.803,0.808,0.797,0.806,6393771,513007965.0
2024-09-19,0.809,0.825,0.804,0.816,10994866,896773102.0
2024-09-20,0.813,0.816,0.809,0.816,5959422,484399827.0
2024-09-23,0.816,0.82,0.812,0.816,6420359,523852272.0
2024-09-24,0.825,0.867,0.818,0.866,31283288,2642177599.0
2024-09-25,0.884,0.905,0.878,0.882,30836145,2746062952.0
2024-09-26,0.875,0.94,0.874,0.938,34030010,3089546335.0
2024-09-27,0.966,1.008,0.948,1.006,25479279,2477682110.0
2024-09-30,1.1,1.107,1.076,1.107,45575218,5015074842.0
2024-10-08,1.218,1.218,1.218,1.218,14960786,1822223770.0
2024-10-09,1.217,1.297,1.14,1.179,92285398,11375262032.0
2024-10-10,1.2,1.2,1.098,1.113,53591036,6074938829.0
2024-10-11,1.095,1.145,1.093,1.116,36244264,4036513622.0
2024-10-14,1.127,1.135,1.063,1.124,37136247,4087779888.0
2024-10-15,1.103,1.126,1.086,1.087,19973214,2214938402.0
2024-10-16,1.067,1.122,1.065,1.094,19964286,2184560509.0
2024-10-17,1.097,1.123,1.086,1.088,14882137,1643842345.0
2024-10-18,1.083,1.197,1.076,1.169,36910424,4203983466.0
2024-10-21,1.145,1.153,1.127,1.137,25092019,2860041779.0
2024-10-22,1.134,1.156,1.131,1.146,17728487,2024813412.0
2024-10-23,1.148,1.172,1.134,1.14,21753771,2509842451.0
2024-10-24,1.132,1.145,1.125,1.138,15784805,1793811567.0
2024-10-25,1.14,1.164,1.134,1.147,17700976,2032447279.0
2024-10-28,1.146,1.155,1.14,1.149,11837061,1357180903.0
2024-10-29,1.155,1.168,1.133,1.136,16467585,1890111021.0
2024-10-30,1.131,1.146,1.12,1.133,12783101,1448231854.0
2024-10-31,1.129,1.194,1.125,1.166,28069698,3279074205.0
2024-11-01,1.16,1.188,1.15,1.153,15991554,1866009495.0
2024-11-04,1.159,1.199,1.157,1.198,18778232,2213493905.0
2024-11-05,1.2,1.277,1.182,1.265,35424512,4399340435.0
2024-11-06,1.275,1.325,1.246,1.257,37738096,4832009649.0
2024-11-07,1.236,1.374,1.231,1.364,42390270,5552459819.0
2024-11-08,1.393,1.397,1.314,1.32,33928389,4575118388.0
2024-11-11,1.3,1.331,1.288,1.321,23494420,3082586305.0
2024-11-12,1.323,1.332,1.272,1.289,21870013,2848769138.0
2024-11-13,1.277,1.3,1.262,1.286,17071185,2185299785.0
2024-11-14,1.282,1.301,1.264,1.265,16157488,2076010388.0
2024-11-15,1.266,1.276,1.214,1.215,18340615,2279364689.0
2024-11-18,1.215,1.23,1.189,1.199,17289347,2085945570.0
2024-11-19,1.205,1.227,1.189,1.225,16738327,2021163728.0
2024-11-20,1.216,1.236,1.207,1.225,15726149,1921106504.0
2024-11-21,1.223,1.248,1.217,1.237,18125043,2233968111.0
2024-11-22,1.233,1.237,1.176,1.178,17214456,2081482924.0
2024-11-25,1.177,1.182,1.148,1.167,14167747,1649092706.0
2024-11-26,1.164,1.191,1.163,1.167,10161418,1195319644.0
2024-11-27,1.165,1.197,1.16,1.196,15197083,1791791312.0
2024-11-28,1.196,1.2,1.181,1.184,11280014,1343246293.0
2024-11-29,1.183,1.253,1.179,1.216,25314942,3081136360.0
2024-12-02,1.208,1.237,1.2,1.23,14933752,1830947934.0
2024-12-03,1.228,1.24,1.213,1.229,14847658,1819071829.0
2024-12-04,1.223,1.237,1.208,1.214,10545194,1289236614.0
2024-12-05,1.212,1.238,1.211,1.228,12772571,1567565281.0
2024-12-06,1.226,1.259,1.219,1.244,20879538,2597186520.0
2024-12-09,1.24,1.248,1.219,1.232,12326706,1520748827.0
2024-12-10,1.302,1.309,1.241,1.244,25909977,3299411806.0
2024-12-11,1.24,1.252,1.232,1.241,10156301,1261254812.0
2024-12-12,1.241,1.27,1.235,1.259,16783026,2102311515.0
2024-12-13,1.247,1.247,1.218,1.219,15786474,1943649621.0
2024-12-16,1.218,1.218,1.196,1.201,9019752,1086618077.0
2024-12-17,1.2,1.214,1.196,1.203,9492464,1143338205.0
2024-12-18,1.206,1.209,1.197,1.202,8129213,977573738.0
2024-12-19,1.188,1.201,1.185,1.198,9826969,1172801877.0
2024-12-20,1.195,1.213,1.195,1.203,10335744,1244857139.0
2024-12-23,1.201,1.212,1.186,1.188,10775128,1290854021.0
2024-12-24,1.187,1.211,1.187,1.209,13737722,1649993115.0
2024-12-25,1.209,1.211,1.191,1.201,12702239,1524961250.0
2024-12-26,1.2,1.208,1.198,1.204,9174257,1103730390.0
2024-12-27,1.204,1.233,1.202,1.213,18831482,2291249818.0
2024-12-30,1.209,1.226,1.207,1.225,14979548,1824302400.0
2024-12-31,1.225,1.225,1.167,1.17,19699735,2354513225.0
2025-01-02,1.163,1.166,1.095,1.106,20681583,2334990992.0
2025-01-03,1.106,1.11,1.075,1.076,15541341,1692733949.0
2025-01-06,1.069,1.081,1.066,1.077,10661971,1145180951.0
2025-01-07,1.079,1.09,1.071,1.089,10193332,1101444829.0
2025-01-08,1.085,1.089,1.054,1.077,13057119,1397272764.0
2025-01-09,1.073,1.085,1.07,1.073,6958694,749380134.0
2025-01-10,1.072,1.081,1.054,1.054,9151982,977482939.0
2025-01-13,1.041,1.062,1.04,1.057,8249099,868944467.0
2025-01-14,1.062,1.104,1.061,1.103,18165471,1975227957.0
2025-01-15,1.095,1.099,1.089,1.09,8903701,973175904.0
2025-01-16,1.097,1.11,1.081,1.092,11086594,1213517057.0
2025-01-17,1.086,1.101,1.084,1.094,9398821,1028252488.0
2025-01-20,1.107,1.114,1.096,1.099,10423543,1151141422.0
2025-01-21,1.108,1.109,1.091,1.103,9083750,999324962.0
2025-01-22,1.1,1.103,1.09,1.097,8582293,939787230.0
2025-01-23,1.119,1.141,1.1,1.101,19624031,2200067040.0
2025-01-24,1.098,1.121,1.095,1.114,12488644,1387580204.0
2025-01-27,1.118,1.118,1.085,1.086,10831686,1189833454.0
2025-02-05,1.095,1.097,1.082,1.086,7876645,857462673.0
2025-02-06,1.086,1.106,1.082,1.104,13477816,1477151200.0
2025-02-07,1.103,1.145,1.1,1.128,26646334,2994857733.0
2025-02-10,1.128,1.135,1.121,1.13,13359060,1506889343.0
2025-02-11,1.129,1.129,1.112,1.12,12934877,1446702806.0
2025-02-12,1.117,1.14,1.116,1.139,14949640,1685189965.0
2025-02-13,1.135,1.15,1.127,1.131,18922107,2151004201.0
2025-02-14,1.127,1.139,1.124,1.133,13554387,1534011837.0
2025-02-17,1.145,1.149,1.131,1.139,14749303,1683667027.0
2025-02-18,1.134,1.137,1.104,1.108,17194031,1929024308.0
2025-02-19,1.107,1.126,1.105,1.122,16270827,1820538365.0
2025-02-20,1.12,1.125,1.112,1.119,12444425,1392780475.0
2025-02-21,1.122,1.147,1.112,1.141,31681554,3592798652.0
2025-02-24,1.14,1.146,1.127,1.135,17876127,2034333123.0
2025-02-25,1.124,1.13,1.115,1.117,14357336,1611921448.0
2025-02-26,1.119,1.15,1.116,1.149,28133816,3185619570.0
2025-02-27,1.138,1.152,1.122,1.144,33255011,3779746755.0
2025-02-28,1.136,1.153,1.106,1.109,23183322,2618025436.0
2025-03-03,1.111,1.12,1.099,1.105,30777857,3419970110.0
2025-03-04,1.101,1.116,1.1,1.112,12128457,1347703334.0
2025-03-05,1.113,1.118,1.102,1.112,14604178,1621688742.0
2025-03-06,1.119,1.143,1.118,1.14,25968700,2943362402.0
2025-03-07,1.133,1.133,1.117,1.12,17493544,1969187782.0
2025-03-10,1.119,1.12,1.106,1.111,12047913,1338085454.0
2025-03-11,1.102,1.115,1.1,1.114,11351127,1257354563.0
2025-03-12,1.117,1.139,1.113,1.121,18710182,2104484334.0
2025-03-13,1.12,1.13,1.108,1.114,12664062,1414642505.0
2025-03-14,1.116,1.165,1.115,1.152,35713877,4086409647.0
2025-03-17,1.154,1.155,1.138,1.139,19111008,2182443499.0
2025-03-18,1.144,1.146,1.136,1.14,13017092,1483838928.0
2025-03-19,1.139,1.147,1.136,1.139,12183093,1388928720.0
2025-03-20,1.138,1.139,1.128,1.13,11666125,1322263622.0
2025-03-21,1.128,1.134,1.108,1.111,15550532,1740025324.0
2025-03-24,1.111,1.112,1.1,1.11,12117651,1341233330.0
2025-03-25,1.11,1.112,1.103,1.107,8707454,963535150.0
2025-03-26,1.106,1.111,1.105,1.106,7771460,860546963.0
2025-03-27,1.105,1.116,1.098,1.107,11367073,1259252187.0
2025-03-28,1.108,1.112,1.103,1.107,10526630,1165750933.0
2025-03-31,1.104,1.108,1.081,1.085,13958173,1524712976.0
2025-04-01,1.088,1.094,1.081,1.083,11959358,1298829882.0
2025-04-02,1.083,1.093,1.081,1.088,8642017,940980920.0
2025-04-03,1.081,1.094,1.08,1.088,9029536,982486813.0
2025-04-07,1.04,1.05,0.979,0.979,25120600,2518613268.0
2025-04-08,0.985,0.999,0.981,0.993,16528030,1635594750.0
2025-04-09,0.982,1.023,0.972,1.014,20166432,2020005149.0
2025-04-10,1.029,1.04,1.018,1.027,15355218,1583468622.0
2025-04-11,1.023,1.04,1.022,1.031,12847364,1322881830.0
2025-04-14,1.035,1.037,1.028,1.031,9166871,946179432.0
2025-04-15,1.03,1.031,1.022,1.026,7480508,766457690.0
2025-04-16,1.024,1.026,1.01,1.024,9846666,1002529626.0
2025-04-17,1.019,1.03,1.016,1.024,8018726,821585734.0
2025-04-18,1.022,1.035,1.021,1.031,10044604,1032676099.0
2025-04-21,1.027,1.039,1.025,1.037,8029085,831013172.0
2025-04-22,1.034,1.042,1.033,1.035,8461946,877613822.0
2025-04-23,1.04,1.042,1.033,1.036,8956000,929057758.0
2025-04-24,1.036,1.04,1.029,1.032,8654720,895347413.0
2025-04-25,1.034,1.045,1.034,1.041,11212719,1166166457.0
2025-04-28,1.039,1.039,1.028,1.033,6833528,705509322.0
2025-04-29,1.032,1.038,1.029,1.03,6535949,674835843.0
2025-04-30,1.032,1.041,1.031,1.033,6909248,715552712.0
2025-05-06,1.038,1.049,1.036,1.048,10443552,1091357397.0
2025-05-07,1.078,1.086,1.05,1.055,17829285,1899411828.0
2025-05-08,1.049,1.062,1.048,1.059,9170330,969718917.0
2025-05-09,1.057,1.057,1.043,1.046,8643977,905808145.0
2025-05-12,1.051,1.074,1.048,1.07,16972500,1799273127.0
2025-05-13,1.076,1.079,1.06,1.062,13028188,1390041460.0
2025-05-14,1.063,1.119,1.058,1.099,34945952,3807905666.0
2025-05-15,1.089,1.096,1.078,1.079,11244746,1219426176.0
2025-05-16,1.076,1.079,1.064,1.067,10483008,1119774634.0
2025-05-19,1.066,1.071,1.06,1.068,5827041,620611569.0
2025-05-20,1.068,1.073,1.064,1.068,8109267,866309000.0
2025-05-21,1.068,1.071,1.064,1.065,7203294,768643378.0
2025-05-22,1.062,1.064,1.055,1.057,7121996,754410447.0
2025-05-23,1.056,1.063,1.042,1.043,10528539,1108204451.0
2025-05-26,1.042,1.046,1.038,1.042,5656381,589255232.0
2025-05-27,1.042,1.043,1.036,1.042,5798906,603255095.0
2025-05-28,1.042,1.043,1.035,1.036,5530362,574182763.0
2025-05-29,1.037,1.051,1.036,1.049,11394861,1192649964.0
2025-05-30,1.045,1.046,1.037,1.043,7207229,750613068.0
2025-06-03,1.038,1.058,1.037,1.052,9836653,1033148950.0
2025-06-04,1.049,1.07,1.049,1.065,13169494,1400539407.0
2025-06-05,1.066,1.081,1.064,1.075,14798362,1585870102.0
2025-06-06,1.075,1.079,1.066,1.068,7122444,762194851.0
2025-06-09,1.074,1.09,1.073,1.084,14456940,1567834381.0
2025-06-10,1.084,1.084,1.062,1.07,12054964,1294795577.0
2025-06-11,1.071,1.103,1.071,1.089,17642716,1924321803.0
2025-06-12,1.083,1.1,1.081,1.087,10386357,1131806381.0
2025-06-13,1.082,1.087,1.073,1.076,10226062,1103171760.0
2025-06-16,1.073,1.093,1.072,1.092,12762521,1385980590.0
2025-06-17,1.09,1.096,1.087,1.095,10302730,1125735648.0
2025-06-18,1.094,1.094,1.076,1.082,13341573,1443136521.0
2025-06-19,1.079,1.081,1.06,1.061,13709528,1462680693.0
2025-06-20,1.062,1.067,1.059,1.059,5676372,602905707.0
2025-06-23,1.053,1.076,1.052,1.072,10601152,1129547272.0
2025-06-24,1.073,1.108,1.073,1.099,20906696,2291565382.0
2025-06-25,1.102,1.166,1.102,1.158,42681900,4844540783.0
2025-06-26,1.159,1.159,1.136,1.138,23024162,2640309914.0
2025-06-27,1.14,1.176,1.137,1.138,24518428,2830523591.0
2025-06-30,1.139,1.141,1.125,1.136,16640681,1886118012.0
2025-07-01,1.137,1.137,1.121,1.13,11857238,1337006050.0
2025-07-02,1.129,1.132,1.121,1.124,10388797,1169506972.0
2025-07-03,1.126,1.135,1.125,1.131,10881542,1229794953.0
2025-07-04,1.13,1.152,1.121,1.131,19266289,2187076180.0
2025-07-07,1.127,1.137,1.125,1.132,9331740,1056884302.0
2025-07-08,1.132,1.148,1.131,1.146,15761621,1800398657.0
2025-07-09,1.146,1.156,1.138,1.141,17115891,1963016322.0
2025-07-10,1.138,1.161,1.137,1.155,16752711,1929070231.0
2025-07-11,1.159,1.206,1.155,1.181,36779841,4360841728.0
2025-07-14,1.186,1.188,1.168,1.17,16838145,1978247858.0
2025-07-15,1.172,1.18,1.158,1.164,17169638,2002375115.0
2025-07-16,1.162,1.169,1.152,1.16,12897447,1495512262.0
2025-07-17,1.16,1.168,1.156,1.166,15811061,1836861570.0
2025-07-18,1.167,1.174,1.164,1.171,14043238,1641528552.0
2025-07-21,1.169,1.19,1.165,1.187,20451479,2414330346.0
2025-07-22,1.186,1.193,1.173,1.189,18917233,2237733156.0
2025-07-23,1.192,1.222,1.192,1.199,32758746,3945593247.0
2025-07-24,1.194,1.235,1.192,1.232,28843314,3526718586.0
2025-07-25,1.233,1.24,1.224,1.227,19223255,2365317384.0
2025-07-28,1.227,1.254,1.221,1.238,18354624,2272824772.0
2025-07-29,1.233,1.244,1.213,1.243,21736847,2669901497.0
2025-07-30,1.239,1.243,1.215,1.225,19269945,2374194204.0
2025-07-31,1.218,1.231,1.192,1.198,22568785,2734022539.0
2025-08-01,1.197,1.206,1.186,1.191,16868483,2014661749.0
2025-08-04,1.186,1.194,1.184,1.193,13815735,1642411621.0
2025-08-05,1.196,1.209,1.194,1.205,17915049,2151252651.0
2025-08-06,1.204,1.212,1.2,1.21,16109217,1943163023.0
2025-08-07,1.21,1.222,1.203,1.209,16880385,2045713163.0
2025-08-08,1.207,1.208,1.196,1.199,13545394,1627619165.0
2025-08-11,1.198,1.221,1.197,1.215,19062826,2314334071.0
2025-08-12,1.216,1.222,1.211,1.221,16364320,1992544852.0
2025-08-13,1.226,1.254,1.216,1.242,31809267,3934486703.0
2025-08-14,1.243,1.268,1.238,1.241,28502828,3566859398.0
2025-08-15,1.236,1.313,1.236,1.3,40839989,5239395363.0
2025-08-18,1.309,1.34,1.286,1.317,36409793,4784817712.0
2025-08-19,1.307,1.317,1.289,1.291,23604222,3071948997.0
2025-08-20,1.284,1.304,1.271,1.303,26559561,3423331204.0
2025-08-21,1.315,1.318,1.287,1.293,23434999,3052625458.0
2025-08-22,1.288,1.34,1.287,1.338,38896501,5125079068.0
2025-08-25,1.355,1.37,1.331,1.352,50151094,6760891476.0
2025-08-26,1.343,1.351,1.332,1.335,24780371,3325763929.0
2025-08-27,1.332,1.35,1.299,1.3,40850877,5427564925.0
2025-08-28,1.3,1.327,1.288,1.326,32645938,4264959201.0
2025-08-29,1.331,1.345,1.32,1.328,37030689,4928544780.0
2025-09-01,1.331,1.334,1.308,1.314,25430714,3348303077.0
2025-09-02,1.313,1.315,1.289,1.296,35071717,4557034100.0
2025-09-03,1.303,1.305,1.242,1.25,36094726,4584986158.0
2025-09-04,1.25,1.261,1.232,1.248,32349054,4038285140.0
2025-09-05,1.25,1.26,1.236,1.257,29758825,3715674437.0
2025-09-08,1.254,1.257,1.242,1.248,20712641,2586810376.0
2025-09-09,1.248,1.261,1.244,1.247,26894591,3363117155.0
2025-09-10,1.248,1.255,1.24,1.245,17386754,2168659157.0
2025-09-11,1.241,1.285,1.238,1.284,42097901,5334840542.0
2025-09-12,1.282,1.288,1.262,1.266,27118731,3458111919.0
2025-09-15,1.266,1.275,1.257,1.262,22528199,2853327538.0
2025-09-16,1.265,1.275,1.251,1.263,26694387,3369172115.0
2025-09-17,1.263,1.28,1.26,1.269,30849870,3915676711.0
2025-09-18,1.267,1.267,1.221,1.232,54237672,6759573790.0
2025-09-19,1.226,1.232,1.218,1.221,25194490,3085110222.0
2025-09-22,1.223,1.234,1.218,1.234,21264539,2607596966.0
2025-09-23,1.226,1.227,1.2,1.212,30460009,3689773040.0
2025-09-24,1.206,1.233,1.205,1.224,28094683,3424415490.0
2025-09-25,1.222,1.233,1.22,1.224,21190864,2599998440.0
2025-09-26,1.221,1.231,1.218,1.219,20049873,2454590928.0
2025-09-29,1.216,1.309,1.215,1.28,62405166,7891888990.0
2025-09-30,1.273,1.281,1.259,1.263,29421759,3726644802.0
2025-10-09,1.258,1.276,1.244,1.267,36410876,4590388782.0
2025-10-10,1.26,1.294,1.258,1.27,33290356,4253964648.0
2025-10-13,1.241,1.258,1.24,1.254,31105215,3881825653.0
2025-10-14,1.257,1.278,1.243,1.248,28210218,3552663190.0
2025-10-15,1.252,1.265,1.238,1.265,30871277,3866818336.0
2025-10-16,1.259,1.27,1.253,1.259,24991080,3149885547.0
2025-10-17,1.259,1.269,1.231,1.233,30041883,3754794699.0
2025-10-20,1.243,1.247,1.23,1.235,20318734,2515499437.0
2025-10-21,1.237,1.263,1.236,1.246,32419043,4047641681.0
2025-10-22,1.241,1.241,1.23,1.234,16983513,2096095601.0
2025-10-23,1.234,1.246,1.221,1.245,23609790,2909074339.0
2025-10-24,1.247,1.258,1.242,1.257,25882199,3235565121.0
2025-10-27,1.27,1.279,1.262,1.272,38334719,4872389284.0
2025-10-28,1.268,1.276,1.261,1.264,23491155,2975580534.0
2025-10-29,1.263,1.297,1.262,1.292,40323989,5174660601.0
2025-10-30,1.287,1.288,1.266,1.267,36915741,4717239566.0
2025-10-31,1.272,1.274,1.254,1.254,27352959,3449455246.0
2025-11-03,1.251,1.252,1.235,1.249,24839071,3087754121.0
2025-11-04,1.245,1.25,1.237,1.243,25980766,3230601911.0
2025-11-05,1.236,1.245,1.234,1.24,18070164,2242872478.0
2025-11-06,1.242,1.262,1.242,1.254,23123822,2897924203.0
2025-11-07,1.25,1.252,1.243,1.244,18242662,2273793236.0
2025-11-10,1.243,1.265,1.24,1.26,28757322,3601909743.0
2025-11-11,1.26,1.263,1.244,1.245,17551770,2193258125.0
2025-11-12,1.245,1.246,1.231,1.238,17287311,2141379198.0
2025-11-13,1.235,1.249,1.233,1.248,21062304,2616441070.0
2025-11-14,1.24,1.245,1.232,1.232,15230318,1887136590.0
2025-11-17,1.23,1.231,1.216,1.218,20904808,2553181562.0
2025-11-18,1.218,1.229,1.217,1.22,14968246,1829062723.0
2025-11-19,1.22,1.23,1.215,1.221,15724590,1922002540.0
2025-11-20,1.243,1.247,1.216,1.217,43847118,5396038309.0
2025-11-21,1.206,1.212,1.172,1.173,30989614,3687336346.0
2025-11-24,1.178,1.182,1.169,1.175,15567490,1829998549.0
2025-11-25,1.178,1.186,1.176,1.179,15183863,1792576054.0
2025-11-26,1.179,1.182,1.173,1.176,14165949,1668110290.0
2025-11-27,1.176,1.184,1.172,1.175,14878007,1752794870.0
2025-11-28,1.173,1.181,1.168,1.18,17505857,2058513909.0
2025-12-01,1.176,1.186,1.175,1.183,16398453,1936857216.0
2025-12-02,1.181,1.183,1.171,1.172,11368754,1335450547.0
2025-12-03,1.175,1.178,1.159,1.161,14552460,1697594174.0
2025-12-04,1.161,1.171,1.157,1.164,11268462,1311804836.0
2025-12-05,1.164,1.203,1.163,1.194,29988750,3554658694.0
2025-12-08,1.21,1.236,1.21,1.217,41523951,5084128597.0
2025-12-09,1.209,1.215,1.199,1.201,14188266,1710795753.0
2025-12-10,1.199,1.209,1.191,1.206,16003041,1920248238.0
2025-12-11,1.206,1.208,1.188,1.19,13540720,1620036820.0
2025-12-12,1.191,1.205,1.185,1.196,15849408,1893536053.0
2025-12-15,1.19,1.217,1.189,1.202,16925645,2039824741.0
2025-12-16,1.2,1.206,1.192,1.193,14416904,1725808872.0
2025-12-17,1.193,1.229,1.188,1.218,23218744,2803687760.0
2025-12-18,1.217,1.217,1.204,1.206,14638282,1769475198.0
2025-12-19,1.205,1.219,1.201,1.211,13847240,1677256100.0
2025-12-22,1.209,1.215,1.206,1.211,12035128,1457919230.0
2025-12-23,1.211,1.218,1.205,1.207,12737888,1542732392.0
2025-12-24,1.205,1.219,1.204,1.218,15381709,1866236652.0
2025-12-25,1.216,1.225,1.214,1.221,14588688,1780834566.0
2025-12-26,1.219,1.242,1.219,1.229,20662641,2544238417.0
2025-12-29,1.227,1.23,1.218,1.222,14071412,1722097797.0
2025-12-30,1.218,1.227,1.215,1.216,14587223,1777374081.0
2025-12-31,1.218,1.228,1.211,1.211,14727406,1794838136.0
2026-01-05,1.215,1.235,1.214,1.235,23727225,2912131061.0
2026-01-06,1.235,1.288,1.233,1.286,48860098,6201135595.0
2026-01-07,1.287,1.287,1.258,1.267,27697761,3521136669.0
2026-01-08,1.258,1.258,1.229,1.233,39147115,4849043909.0
2026-01-09,1.233,1.243,1.228,1.237,25787852,3185247544.0
2026-01-12,1.236,1.255,1.23,1.254,32651406,4059436730.0
2026-01-13,1.259,1.272,1.241,1.246,24080055,3025200443.0
2026-01-14,1.244,1.275,1.23,1.237,37458122,4694708202.0
2026-01-15,1.231,1.239,1.214,1.218,27791543,3401085771.0
2026-01-16,1.224,1.228,1.205,1.208,20938773,2541254299.0
2026-01-19,1.205,1.208,1.198,1.203,19358900,2326263634.0
2026-01-20,1.202,1.21,1.2,1.207,18310610,2207463316.0
2026-01-21,1.204,1.209,1.198,1.201,17053347,2050937669.0
2026-01-22,1.202,1.212,1.2,1.203,15547915,1871610743.0
2026-01-23,1.205,1.208,1.197,1.2,18082820,2173364060.0
2026-01-26,1.2,1.225,1.198,1.211,27500515,3332134828.0
2026-01-27,1.209,1.209,1.189,1.197,18972020,2272880201.0
2026-01-28,1.199,1.206,1.195,1.197,16848936,2022013726.0
2026-01-29,1.194,1.214,1.182,1.212,26283193,3143989238.0
2026-01-30,1.207,1.211,1.19,1.194,19104005,2289540707.0
2026-02-02,1.192,1.207,1.175,1.178,21300487,2536826014.0
2026-02-03,1.185,1.186,1.163,1.174,20322448,2381236498.0
2026-02-04,1.171,1.193,1.17,1.191,20236356,2393347827.0
2026-02-05,1.185,1.2,1.182,1.193,16099126,1917192584.0
2026-02-06,1.186,1.195,1.183,1.186,11789196,1401587307.0
2026-02-09,1.192,1.198,1.189,1.197,12417633,1484224562.0
2026-02-10,1.198,1.2,1.194,1.196,8489313,1016271526.0
2026-02-11,1.196,1.198,1.19,1.194,8566319,1022721283.0
2026-02-12,1.193,1.194,1.184,1.185,9883566,1173270355.0
2026-02-13,1.186,1.191,1.173,1.174,12759639,1507505844.0
2026-02-24,1.178,1.18,1.171,1.172,9078967,1065768107.0
2026-02-25,1.173,1.189,1.172,1.179,18185475,2149859482.0
2026-02-26,1.178,1.179,1.163,1.166,16794068,1962662123.0
2026-02-27,1.165,1.172,1.161,1.169,12764148,1488485142.0
2026-03-02,1.16,1.162,1.145,1.154,17726436,2045465816.0
2026-03-03,1.155,1.165,1.141,1.144,19560867,2254801455.0
2026-03-04,1.137,1.137,1.114,1.115,21153015,2376903704.0
2026-03-05,1.125,1.127,1.114,1.117,13107274,1468057562.0
2026-03-06,1.114,1.135,1.113,1.131,13972002,1573379272.0
2026-03-09,1.115,1.117,1.105,1.112,15558978,1728872781.0
2026-03-10,1.118,1.126,1.116,1.12,11026324,1234941869.0
2026-03-11,1.121,1.126,1.115,1.123,11003891,1233913351.0
2026-03-12,1.119,1.126,1.116,1.121,8903370,997930427.0
2026-03-13,1.117,1.125,1.111,1.112,13273701,1482433329.0
2026-03-16,1.11,1.112,1.1,1.106,15049265,1662033766.0
2026-03-17,1.107,1.14,1.107,1.118,25726283,2896485813.0
2026-03-18,1.116,1.118,1.108,1.114,13824389,1536868608.0
2026-03-19,1.105,1.11,1.097,1.101,17865152,1970709398.0
2026-03-20,1.102,1.104,1.081,1.083,16353804,1784450197.0
2026-03-23,1.069,1.069,1.031,1.036,25432596,2669918668.0
2026-03-24,1.045,1.055,1.033,1.047,15385659,1607215270.0
2026-03-25,1.051,1.067,1.048,1.059,15273081,1614004003.0
2026-03-26,1.055,1.058,1.033,1.035,13679893,1426105505.0
2026-03-27,1.029,1.047,1.027,1.041,11393887,1183988544.0
2026-03-30,1.029,1.039,1.025,1.037,11169139,1154199948.0
2026-03-31,1.037,1.049,1.027,1.029,13969642,1447753677.0
2026-04-01,1.04,1.046,1.035,1.045,13094173,1364398682.0
2026-04-02,1.041,1.041,1.022,1.025,12401467,1277492968.0
2026-04-03,1.028,1.031,1.016,1.016,10345095,1057174276.0
2026-04-07,1.016,1.021,1.01,1.015,8176921,830074551.0
2026-04-08,1.032,1.056,1.031,1.054,23923838,2498756095.0
2026-04-09,1.044,1.045,1.029,1.031,14245070,1475119051.0
2026-04-10,1.043,1.091,1.043,1.068,40592794,4357001779.0
2026-04-13,1.06,1.084,1.058,1.075,16911186,1817034647.0
2026-04-14,1.083,1.086,1.067,1.081,14407832,1550549952.0
2026-04-15,1.084,1.086,1.072,1.073,11711143,1261625410.0
2026-04-16,1.077,1.089,1.075,1.081,15691048,1696207779.0
2026-04-17,1.078,1.081,1.07,1.076,10839691,1164918020.0
2026-04-20,1.078,1.08,1.072,1.075,11156460,1200542488.0
2026-04-21,1.072,1.073,1.064,1.066,10777916,1150286825.0
2026-04-22,1.062,1.085,1.062,1.075,17125787,1840994766.0
2026-04-23,1.073,1.078,1.062,1.066,13837058,1478372420.0
2026-04-24,1.063,1.064,1.05,1.056,12075920,1273891705.0
2026-04-27,1.057,1.07,1.055,1.057,14783655,1568147013.0
2026-04-28,1.058,1.082,1.058,1.07,19641610,2105828179.0
2026-04-29,1.067,1.077,1.065,1.076,13515804,1447058496.0
2026-04-30,1.074,1.095,1.074,1.078,19724462,2134179756.0
2026-05-06,1.08,1.1,1.08,1.094,22488114,2454774563.0
2026-05-07,1.1,1.101,1.082,1.089,20964495,2278904683.0
2026-05-08,1.084,1.089,1.076,1.08,13321529,1440539648.0
2026-05-11,1.077,1.104,1.073,1.097,30582998,3334951982.0
2026-05-12,1.097,1.111,1.09,1.102,26256397,2891713808.0
2026-05-13,1.097,1.102,1.084,1.095,18656631,2034955285.0
2026-05-14,1.096,1.098,1.071,1.071,20033561,2173890535.0
2026-05-15,1.07,1.072,1.044,1.048,22348192,2363821021.0
2026-05-18,1.045,1.055,1.041,1.047,14563510,1525665819.0
2026-05-19,1.047,1.059,1.039,1.056,15800418,1657412200.0
2026-05-20,1.05,1.057,1.046,1.049,11650042,1224156374.0
2026-05-21,1.056,1.092,1.052,1.054,36516566,3931361091.0
2026-05-22,1.055,1.06,1.034,1.037,21989774,2286674222.0
2026-05-25,1.041,1.052,1.034,1.045,16215017,1689914741.0
2026-05-26,1.043,1.067,1.039,1.056,23501406,2478195656.0
2026-05-27,1.051,1.065,1.037,1.043,20162458,2113670911.0
2026-05-28,1.041,1.043,1.015,1.021,24319969,2491566922.0
2026-05-29,1.023,1.048,1.022,1.033,27443454,2846651872.0
2026-06-01,1.031,1.042,1.025,1.035,13396327,1385419087.0
2026-06-02,1.033,1.042,1.025,1.037,19114995,1974212819.0
2026-06-03,1.033,1.044,1.025,1.035,20051987,2075978583.0
2026-06-04,1.028,1.04,1.015,1.022,18656620,1911844432.0
2026-06-05,1.022,1.033,1.014,1.016,17579094,1798315874.0
2026-06-08,1.006,1.017,0.996,1.001,21611112,2173942352.0
2026-06-09,1.001,1.005,0.993,1.005,15277820,1527536448.0
2026-06-10,1.0,1.021,0.997,1.018,22751616,2298897524.0
2026-06-11,1.015,1.028,0.999,1.008,17363067,1755159423.0
2026-06-12,1.009,1.048,1.005,1.045,34166330,3526136090.0
2026-06-15,1.05,1.099,1.048,1.072,43103044,4635689629.0
2026-06-16,1.063,1.088,1.06,1.082,21564858,2321922435.0
2026-06-17,1.079,1.092,1.075,1.081,21201408,2292862175.0
2026-06-18,1.076,1.079,1.048,1.05,25269337,2679254414.0
2026-06-22,1.045,1.098,1.045,1.097,22648802,2426238242.0
